id,part_number,name,description,category,subcategory,manufacturer,manufacturer_part_number,supplier_id,unit_of_measure,unit_cost,stock_quantity,reserved_quantity,min_stock_level,max_stock_level,reorder_point,reorder_quantity,lead_time_days,storage_location,bin_location,barcode,weight,dimensions,hazmat_classification,shelf_life_days,warranty_period_days,last_counted_date,abc_classification,usage_rate_monthly,ai_demand_forecast,ai_optimal_stock,price_history,supplier_alternates,compatible_assets,created_date,updated_date
TRUE,TF-MEC-BEA-0001,GE Bearings 188,High-quality bearings for industrial applications,Mechanical,Bearings,GE,GE38364,2,LB,104.35,76,FALSE,76,7,76,15,22,8,Warehouse A-1,Warehouse A-1-A01,TF517393577635,,,,,,,A,42,{},,[],[],[],2025-09-28 13:39:07.700818,2025-09-28 18:39:07
2,TF-MEC-BEA-0002,GE Bearings 206,High-quality bearings for industrial applications,Mechanical,Bearings,GE,GE25141,4,LB,319.94,69,FALSE,69,11,117,23,35,11,Chemical Storage,Chemical Storage-C20,TF487612502021,,,,,,,B,38.13,{},,[],[],[],2025-09-28 13:39:07.701542,2025-09-28 18:39:07
3,TF-MEC-BEA-0003,Siemens Bearings 421,High-quality bearings for industrial applications,Mechanical,Bearings,Siemens,SIE39159,TRUE,BOX,459.05,43,FALSE,43,7,74,14,22,6,Maintenance Shop,Maintenance Shop-C05,TF434643593639,,,,,,,C,13.62,{},,[],[],[],2025-09-28 13:39:07.701560,2025-09-28 18:39:07
4,TF-MEC-BEA-0004,Siemens Bearings 760,High-quality bearings for industrial applications,Mechanical,Bearings,Siemens,SIE49918,2,FT,333.8,124,FALSE,124,12,125,25,37,14,Maintenance Shop,Maintenance Shop-A10,TF467668926233,,,,,,,C,48.03,{},,[],[],[],2025-09-28 13:39:07.701574,2025-09-28 18:39:07
5,TF-MEC-BEA-0005,Siemens Bearings 291,High-quality bearings for industrial applications,Mechanical,Bearings,Siemens,SIE68771,3,FT,333.44,92,FALSE,92,13,131,26,39,20,Warehouse B-1,Warehouse B-1-C17,TF517741690831,,,,,,,A,36.42,{},,[],[],[],2025-09-28 13:39:07.701587,2025-09-28 18:39:07
6,TF-MEC-BEA-0006,Bosch Rexroth Bearings 111,High-quality bearings for industrial applications,Mechanical,Bearings,Bosch Rexroth,BOS52264,TRUE,GAL,64.74,61,FALSE,61,10,105,21,31,7,Chemical Storage,Chemical Storage-B11,TF663436333214,,,,,,,C,48.26,{},,[],[],[],2025-09-28 13:39:07.701599,2025-09-28 18:39:07
7,TF-MEC-BEL-0007,Emerson Belts 712,High-quality belts for industrial applications,Mechanical,Belts,Emerson,EME70654,TRUE,EA,234.49,42,FALSE,42,5,51,10,15,9,Warehouse A-2,Warehouse A-2-A05,TF613470434234,,,,,,,B,19.91,{},,[],[],[],2025-09-28 13:39:07.701612,2025-09-28 18:39:07
8,TF-MEC-BEL-0008,Phoenix Contact Belts 460,High-quality belts for industrial applications,Mechanical,Belts,Phoenix Contact,PHO44280,3,BOX,177.06,90,FALSE,90,10,104,20,31,20,Warehouse A-1,Warehouse A-1-C09,TF822441733229,,,,,,,B,30.5,{},,[],[],[],2025-09-28 13:39:07.701624,2025-09-28 18:39:07
9,TF-MEC-BEL-0009,Omron Belts 204,High-quality belts for industrial applications,Mechanical,Belts,Omron,OMR50891,2,GAL,56.68,51,FALSE,51,20,200,40,60,12,Tool Crib,Tool Crib-A17,TF572014799011,,,,,,,C,27.34,{},,[],[],[],2025-09-28 13:39:07.701636,2025-09-28 18:39:07
10,TF-MEC-GEA-0010,Emerson Gears 552,High-quality gears for industrial applications,Mechanical,Gears,Emerson,EME32860,3,LB,113.24,101,FALSE,101,12,128,25,38,13,Warehouse B-1,Warehouse B-1-A14,TF664479201732,,,,,,,B,1.84,{},,[],[],[],2025-09-28 13:39:07.701648,2025-09-28 18:39:07
11,TF-MEC-GEA-0011,Pepperl+Fuchs Gears 141,High-quality gears for industrial applications,Mechanical,Gears,Pepperl+Fuchs,PEP16924,2,LB,124.7,70,FALSE,70,8,84,16,25,11,Maintenance Shop,Maintenance Shop-C08,TF253642717604,,,,,,,B,34,{},,[],[],[],2025-09-28 13:39:07.701659,2025-09-28 18:39:07
12,TF-MEC-GEA-0012,Mitsubishi Gears 262,High-quality gears for industrial applications,Mechanical,Gears,Mitsubishi,MIT98600,TRUE,BOX,41.71,29,FALSE,29,18,187,37,56,5,Warehouse B-1,Warehouse B-1-A11,TF117377651308,,,,,,,C,45.29,{},,[],[],[],2025-09-28 13:39:07.701671,2025-09-28 18:39:07
13,TF-MEC-SEA-0013,Honeywell Seals 185,High-quality seals for industrial applications,Mechanical,Seals,Honeywell,HON42844,2,ROLL,230.03,25,FALSE,25,5,51,10,15,17,Electronics Lab,Electronics Lab-B14,TF598638586711,,,,,,,A,3.22,{},,[],[],[],2025-09-28 13:39:07.701683,2025-09-28 18:39:07
14,TF-MEC-SEA-0014,SMC Seals 803,High-quality seals for industrial applications,Mechanical,Seals,SMC,SMC98943,5,BOX,59.96,4,FALSE,4,2,21,4,6,16,Chemical Storage,Chemical Storage-B02,TF319710873897,,,,,,,C,45.26,{},,[],[],[],2025-09-28 13:39:07.701695,2025-09-28 18:39:07
15,TF-MEC-SEA-0015,Phoenix Contact Seals 946,High-quality seals for industrial applications,Mechanical,Seals,Phoenix Contact,PHO60653,TRUE,BOX,191.27,52,FALSE,52,6,67,13,20,19,Chemical Storage,Chemical Storage-A14,TF640192371185,,,,,,,A,23.8,{},,[],[],[],2025-09-28 13:39:07.701706,2025-09-28 18:39:07
16,TF-MEC-SEA-0016,Cognex Seals 318,High-quality seals for industrial applications,Mechanical,Seals,Cognex,COG32148,TRUE,BOX,11.25,42,FALSE,42,8,80,16,24,5,Tool Crib,Tool Crib-C03,TF119648784091,,,,,,,C,33.03,{},,[],[],[],2025-09-28 13:39:07.701719,2025-09-28 18:39:07
17,TF-MEC-SEA-0017,Schneider Electric Seals 593,High-quality seals for industrial applications,Mechanical,Seals,Schneider Electric,SCH99072,TRUE,BOX,493.88,55,FALSE,55,17,178,35,53,17,Warehouse B-2,Warehouse B-2-A18,TF440618511490,,,,,,,A,44.19,{},,[],[],[],2025-09-28 13:39:07.701730,2025-09-28 18:39:07
18,TF-MEC-SEA-0018,Bosch Rexroth Seals 955,High-quality seals for industrial applications,Mechanical,Seals,Bosch Rexroth,BOS71343,5,FT,45.19,23,FALSE,23,4,49,9,14,14,Electronics Lab,Electronics Lab-A01,TF866386916012,,,,,,,B,38.86,{},,[],[],[],2025-09-28 13:39:07.701742,2025-09-28 18:39:07
19,TF-MEC-SEA-0019,Siemens Seals 402,High-quality seals for industrial applications,Mechanical,Seals,Siemens,SIE98208,5,ROLL,81.14,67,FALSE,67,6,67,13,20,17,Warehouse B-2,Warehouse B-2-C14,TF286441183323,,,,,,,B,28.1,{},,[],[],[],2025-09-28 13:39:07.701753,2025-09-28 18:39:07
20,TF-MEC-GAS-0020,Johnson Controls Gaskets 905,High-quality gaskets for industrial applications,Mechanical,Gaskets,Johnson Controls,JOH66445,2,BOX,482.34,81,FALSE,81,12,127,25,38,16,Warehouse A-1,Warehouse A-1-A02,TF310500366615,,,,,,,A,34.34,{},,[],[],[],2025-09-28 13:39:07.701765,2025-09-28 18:39:07
21,TF-MEC-GAS-0021,Balluff Gaskets 126,High-quality gaskets for industrial applications,Mechanical,Gaskets,Balluff,BAL43822,4,LB,456.3,46,FALSE,46,6,65,13,19,4,Chemical Storage,Chemical Storage-C03,TF986627347276,,,,,,,C,44.23,{},,[],[],[],2025-09-28 13:39:07.701776,2025-09-28 18:39:07
22,TF-MEC-GAS-0022,Bosch Rexroth Gaskets 478,High-quality gaskets for industrial applications,Mechanical,Gaskets,Bosch Rexroth,BOS82122,2,LB,327.91,34,FALSE,34,5,55,11,16,21,Warehouse B-1,Warehouse B-1-A08,TF322293100651,,,,,,,B,22.33,{},,[],[],[],2025-09-28 13:39:07.701788,2025-09-28 18:39:07
23,TF-MEC-GAS-0023,Mitsubishi Gaskets 568,High-quality gaskets for industrial applications,Mechanical,Gaskets,Mitsubishi,MIT87560,2,FT,80.87,86,FALSE,86,17,170,34,51,19,Chemical Storage,Chemical Storage-A08,TF571175286845,,,,,,,A,3.82,{},,[],[],[],2025-09-28 13:39:07.701799,2025-09-28 18:39:07
24,TF-MEC-GAS-0024,Parker Hannifin Gaskets 942,High-quality gaskets for industrial applications,Mechanical,Gaskets,Parker Hannifin,PAR19366,4,LB,389.27,79,FALSE,79,9,97,19,29,6,Warehouse B-1,Warehouse B-1-B17,TF480748682486,,,,,,,C,28.57,{},,[],[],[],2025-09-28 13:39:07.701810,2025-09-28 18:39:07
25,TF-MEC-GAS-0025,GE Gaskets 875,High-quality gaskets for industrial applications,Mechanical,Gaskets,GE,GE17145,3,LB,270.84,70,FALSE,70,19,190,38,57,9,Warehouse B-2,Warehouse B-2-C14,TF702014745772,,,,,,,C,34.3,{},,[],[],[],2025-09-28 13:39:07.701822,2025-09-28 18:39:07
26,TF-MEC-GAS-0026,Omron Gaskets 136,High-quality gaskets for industrial applications,Mechanical,Gaskets,Omron,OMR21655,5,ROLL,17.05,44,FALSE,44,14,141,28,42,14,Warehouse A-1,Warehouse A-1-C10,TF742775693688,,,,,,,B,42.2,{},,[],[],[],2025-09-28 13:39:07.701833,2025-09-28 18:39:07
27,TF-MEC-GAS-0027,Johnson Controls Gaskets 711,High-quality gaskets for industrial applications,Mechanical,Gaskets,Johnson Controls,JOH80748,5,BOX,49.42,39,FALSE,39,10,107,21,32,12,Warehouse A-1,Warehouse A-1-B03,TF521243072213,,,,,,,A,34.28,{},,[],[],[],2025-09-28 13:39:07.701845,2025-09-28 18:39:07
28,TF-MEC-O-R-0028,ABB O-Rings 714,High-quality o-rings for industrial applications,Mechanical,O-Rings,ABB,ABB27232,4,EA,449.07,47,FALSE,47,10,106,21,31,20,Warehouse B-2,Warehouse B-2-A08,TF325429582000,,,,,,,A,43.04,{},,[],[],[],2025-09-28 13:39:07.701856,2025-09-28 18:39:07
29,TF-MEC-O-R-0029,Pepperl+Fuchs O-Rings 280,High-quality o-rings for industrial applications,Mechanical,O-Rings,Pepperl+Fuchs,PEP21937,3,LB,90.34,101,FALSE,101,14,149,29,44,16,Warehouse A-1,Warehouse A-1-C05,TF897154772637,,,,,,,C,2.15,{},,[],[],[],2025-09-28 13:39:07.701868,2025-09-28 18:39:07
30,TF-MEC-O-R-0030,Phoenix Contact O-Rings 523,High-quality o-rings for industrial applications,Mechanical,O-Rings,Phoenix Contact,PHO62511,TRUE,EA,313.49,129,FALSE,129,13,137,27,41,14,Maintenance Shop,Maintenance Shop-C17,TF765647300256,,,,,,,A,30.47,{},,[],[],[],2025-09-28 13:39:07.701881,2025-09-28 18:39:07
31,TF-MEC-O-R-0031,Balluff O-Rings 542,High-quality o-rings for industrial applications,Mechanical,O-Rings,Balluff,BAL71189,4,FT,248.43,37,FALSE,37,7,78,15,23,15,Warehouse B-2,Warehouse B-2-B07,TF795287661573,,,,,,,C,30.37,{},,[],[],[],2025-09-28 13:39:07.701893,2025-09-28 18:39:07
32,TF-MEC-O-R-0032,Parker Hannifin O-Rings 151,High-quality o-rings for industrial applications,Mechanical,O-Rings,Parker Hannifin,PAR40560,TRUE,LB,274.27,13,FALSE,13,7,78,15,23,5,Warehouse B-2,Warehouse B-2-B08,TF308979638566,,,,,,,C,30.15,{},,[],[],[],2025-09-28 13:39:07.701904,2025-09-28 18:39:07
33,TF-MEC-O-R-0033,Parker Hannifin O-Rings 175,High-quality o-rings for industrial applications,Mechanical,O-Rings,Parker Hannifin,PAR19084,2,ROLL,218.46,45,FALSE,45,4,46,9,13,7,Warehouse A-2,Warehouse A-2-C13,TF262706296446,,,,,,,B,11.06,{},,[],[],[],2025-09-28 13:39:07.701916,2025-09-28 18:39:07
34,TF-MEC-O-R-0034,Festo O-Rings 555,High-quality o-rings for industrial applications,Mechanical,O-Rings,Festo,FES93726,3,FT,50.01,86,FALSE,86,16,169,33,50,13,Warehouse A-1,Warehouse A-1-C07,TF534752115069,,,,,,,B,37.3,{},,[],[],[],2025-09-28 13:39:07.701927,2025-09-28 18:39:07
35,TF-MEC-SPR-0035,GE Springs 935,High-quality springs for industrial applications,Mechanical,Springs,GE,GE89249,4,GAL,401.53,130,FALSE,130,20,200,40,60,5,Warehouse A-1,Warehouse A-1-B06,TF129514945507,,,,,,,B,14.89,{},,[],[],[],2025-09-28 13:39:07.701939,2025-09-28 18:39:07
36,TF-MEC-SPR-0036,Emerson Springs 912,High-quality springs for industrial applications,Mechanical,Springs,Emerson,EME68932,3,ROLL,68.29,66,FALSE,66,13,136,27,40,21,Warehouse A-1,Warehouse A-1-A20,TF774142358652,,,,,,,C,48.44,{},,[],[],[],2025-09-28 13:39:07.701950,2025-09-28 18:39:07
37,TF-MEC-SPR-0037,Honeywell Springs 457,High-quality springs for industrial applications,Mechanical,Springs,Honeywell,HON46047,4,GAL,278.02,35,FALSE,35,5,58,11,17,19,Warehouse A-2,Warehouse A-2-B14,TF688424225793,,,,,,,A,30.46,{},,[],[],[],2025-09-28 13:39:07.701961,2025-09-28 18:39:07
38,TF-MEC-SPR-0038,Schneider Electric Springs 945,High-quality springs for industrial applications,Mechanical,Springs,Schneider Electric,SCH63488,4,ROLL,105.17,19,FALSE,19,9,96,19,28,4,Warehouse A-1,Warehouse A-1-C08,TF973574571092,,,,,,,B,42.13,{},,[],[],[],2025-09-28 13:39:07.701973,2025-09-28 18:39:07
39,TF-MEC-SPR-0039,Parker Hannifin Springs 611,High-quality springs for industrial applications,Mechanical,Springs,Parker Hannifin,PAR29460,TRUE,EA,339.78,6,FALSE,6,6,63,12,18,3,Tool Crib,Tool Crib-A06,TF871800313044,,,,,,,C,9.85,{},,[],[],[],2025-09-28 13:39:07.701984,2025-09-28 18:39:07
40,TF-MEC-FAS-0040,Parker Hannifin Fasteners 758,High-quality fasteners for industrial applications,Mechanical,Fasteners,Parker Hannifin,PAR67716,4,EA,459.95,59,FALSE,59,13,138,27,41,9,Warehouse A-2,Warehouse A-2-C05,TF334732135029,,,,,,,B,11.25,{},,[],[],[],2025-09-28 13:39:07.701998,2025-09-28 18:39:07
41,TF-MEC-FAS-0041,Emerson Fasteners 985,High-quality fasteners for industrial applications,Mechanical,Fasteners,Emerson,EME60518,5,LB,18.1,51,FALSE,51,11,118,23,35,7,Warehouse B-2,Warehouse B-2-A01,TF294265345829,,,,,,,A,19.36,{},,[],[],[],2025-09-28 13:39:07.702014,2025-09-28 18:39:07
42,TF-MEC-FAS-0042,Pepperl+Fuchs Fasteners 908,High-quality fasteners for industrial applications,Mechanical,Fasteners,Pepperl+Fuchs,PEP43935,4,GAL,371.95,148,FALSE,148,17,171,34,51,12,Tool Crib,Tool Crib-C12,TF373647450161,,,,,,,A,35.18,{},,[],[],[],2025-09-28 13:39:07.702028,2025-09-28 18:39:07
43,TF-MEC-FAS-0043,SMC Fasteners 834,High-quality fasteners for industrial applications,Mechanical,Fasteners,SMC,SMC99806,5,EA,249.7,39,FALSE,39,4,44,8,13,14,Maintenance Shop,Maintenance Shop-C05,TF218327455709,,,,,,,C,9.83,{},,[],[],[],2025-09-28 13:39:07.702040,2025-09-28 18:39:07
44,TF-MEC-FAS-0044,Keyence Fasteners 746,High-quality fasteners for industrial applications,Mechanical,Fasteners,Keyence,KEY34096,3,BOX,188.17,12,FALSE,12,3,39,7,11,10,Tool Crib,Tool Crib-B16,TF334596595645,,,,,,,B,7.21,{},,[],[],[],2025-09-28 13:39:07.702052,2025-09-28 18:39:07
45,TF-MEC-FAS-0045,Phoenix Contact Fasteners 777,High-quality fasteners for industrial applications,Mechanical,Fasteners,Phoenix Contact,PHO48164,2,LB,400.29,18,FALSE,18,3,32,6,9,15,Warehouse A-1,Warehouse A-1-B12,TF399065092989,,,,,,,B,24.9,{},,[],[],[],2025-09-28 13:39:07.702063,2025-09-28 18:39:07
46,TF-MEC-COU-0046,Parker Hannifin Couplings 813,High-quality couplings for industrial applications,Mechanical,Couplings,Parker Hannifin,PAR49427,5,LB,498.59,26,FALSE,26,4,45,9,13,14,Warehouse B-1,Warehouse B-1-C07,TF534705913455,,,,,,,C,35.23,{},,[],[],[],2025-09-28 13:39:07.702075,2025-09-28 18:39:07
47,TF-MEC-COU-0047,ABB Couplings 979,High-quality couplings for industrial applications,Mechanical,Couplings,ABB,ABB55724,TRUE,GAL,195.47,37,FALSE,37,4,47,9,14,3,Electronics Lab,Electronics Lab-A17,TF443316527950,,,,,,,C,47.78,{},,[],[],[],2025-09-28 13:39:07.702087,2025-09-28 18:39:07
48,TF-MEC-COU-0048,SMC Couplings 365,High-quality couplings for industrial applications,Mechanical,Couplings,SMC,SMC11184,2,GAL,377.62,26,FALSE,26,12,127,25,38,9,Warehouse B-1,Warehouse B-1-A02,TF375225630346,,,,,,,C,7.44,{},,[],[],[],2025-09-28 13:39:07.702098,2025-09-28 18:39:07
49,TF-MEC-COU-0049,Bosch Rexroth Couplings 895,High-quality couplings for industrial applications,Mechanical,Couplings,Bosch Rexroth,BOS72873,TRUE,GAL,499.68,50,FALSE,50,15,152,30,45,5,Warehouse B-1,Warehouse B-1-B19,TF652581083335,,,,,,,B,15.08,{},,[],[],[],2025-09-28 13:39:07.702110,2025-09-28 18:39:07
50,TF-MEC-COU-0050,Johnson Controls Couplings 346,High-quality couplings for industrial applications,Mechanical,Couplings,Johnson Controls,JOH27559,5,EA,174.67,16,FALSE,16,9,93,18,27,15,Warehouse B-2,Warehouse B-2-C07,TF542947273927,,,,,,,A,6.15,{},,[],[],[],2025-09-28 13:39:07.702121,2025-09-28 18:39:07
51,TF-MEC-COU-0051,Honeywell Couplings 627,High-quality couplings for industrial applications,Mechanical,Couplings,Honeywell,HON45324,TRUE,EA,361.16,32,FALSE,32,14,143,28,42,3,Chemical Storage,Chemical Storage-A03,TF375005448714,,,,,,,C,16.09,{},,[],[],[],2025-09-28 13:39:07.702133,2025-09-28 18:39:07
52,TF-MEC-COU-0052,Schneider Electric Couplings 352,High-quality couplings for industrial applications,Mechanical,Couplings,Schneider Electric,SCH52425,3,LB,374.29,21,FALSE,21,4,48,9,14,14,Warehouse B-1,Warehouse B-1-A11,TF458666194491,,,,,,,C,24.7,{},,[],[],[],2025-09-28 13:39:07.702145,2025-09-28 18:39:07
53,TF-MEC-COU-0053,Parker Hannifin Couplings 174,High-quality couplings for industrial applications,Mechanical,Couplings,Parker Hannifin,PAR89822,TRUE,GAL,289.67,33,FALSE,33,8,80,16,24,9,Warehouse A-1,Warehouse A-1-C14,TF946242032531,,,,,,,B,31.96,{},,[],[],[],2025-09-28 13:39:07.702156,2025-09-28 18:39:07
54,TF-MEC-BUS-0054,Festo Bushings 195,High-quality bushings for industrial applications,Mechanical,Bushings,Festo,FES68886,2,FT,420.79,8,FALSE,8,4,43,8,12,9,Maintenance Shop,Maintenance Shop-A10,TF695377961440,,,,,,,C,15.7,{},,[],[],[],2025-09-28 13:39:07.702168,2025-09-28 18:39:07
55,TF-MEC-BUS-0055,Johnson Controls Bushings 914,High-quality bushings for industrial applications,Mechanical,Bushings,Johnson Controls,JOH63811,2,GAL,121.47,67,FALSE,67,17,174,34,52,19,Warehouse A-1,Warehouse A-1-A09,TF704248624437,,,,,,,C,14.57,{},,[],[],[],2025-09-28 13:39:07.702180,2025-09-28 18:39:07
56,TF-MEC-BUS-0056,Bosch Rexroth Bushings 557,High-quality bushings for industrial applications,Mechanical,Bushings,Bosch Rexroth,BOS17663,2,GAL,42.48,78,FALSE,78,10,108,21,32,15,Warehouse B-1,Warehouse B-1-C06,TF831860819041,,,,,,,B,16.69,{},,[],[],[],2025-09-28 13:39:07.702191,2025-09-28 18:39:07
57,TF-MEC-BUS-0057,Festo Bushings 616,High-quality bushings for industrial applications,Mechanical,Bushings,Festo,FES92832,3,LB,481.36,20,FALSE,20,10,102,20,30,19,Chemical Storage,Chemical Storage-B15,TF459370667113,,,,,,,B,39.22,{},,[],[],[],2025-09-28 13:39:07.702203,2025-09-28 18:39:07
58,TF-MEC-BUS-0058,Johnson Controls Bushings 516,High-quality bushings for industrial applications,Mechanical,Bushings,Johnson Controls,JOH56060,3,BOX,19.29,185,FALSE,185,19,198,39,59,7,Warehouse A-2,Warehouse A-2-C07,TF718644029043,,,,,,,B,35.57,{},,[],[],[],2025-09-28 13:39:07.702215,2025-09-28 18:39:07
59,TF-MEC-BUS-0059,Keyence Bushings 316,High-quality bushings for industrial applications,Mechanical,Bushings,Keyence,KEY79192,4,GAL,299.28,114,FALSE,114,12,124,24,37,21,Warehouse A-2,Warehouse A-2-C07,TF756653656395,,,,,,,C,41.39,{},,[],[],[],2025-09-28 13:39:07.702226,2025-09-28 18:39:07
60,TF-MEC-BUS-0060,Johnson Controls Bushings 776,High-quality bushings for industrial applications,Mechanical,Bushings,Johnson Controls,JOH89600,3,BOX,156.37,69,FALSE,69,10,103,20,30,11,Tool Crib,Tool Crib-A02,TF445036707170,,,,,,,C,21.77,{},,[],[],[],2025-09-28 13:39:07.702237,2025-09-28 18:39:07
61,TF-MEC-PUL-0061,Schneider Electric Pulleys 348,High-quality pulleys for industrial applications,Mechanical,Pulleys,Schneider Electric,SCH93653,TRUE,BOX,54.13,17,FALSE,17,5,52,10,15,14,Warehouse A-2,Warehouse A-2-A05,TF235437572626,,,,,,,B,38.93,{},,[],[],[],2025-09-28 13:39:07.702249,2025-09-28 18:39:07
62,TF-MEC-PUL-0062,Johnson Controls Pulleys 460,High-quality pulleys for industrial applications,Mechanical,Pulleys,Johnson Controls,JOH60725,5,EA,249.79,61,FALSE,61,14,140,28,42,4,Electronics Lab,Electronics Lab-B20,TF882073031721,,,,,,,A,9.78,{},,[],[],[],2025-09-28 13:39:07.702260,2025-09-28 18:39:07
63,TF-MEC-PUL-0063,Festo Pulleys 645,High-quality pulleys for industrial applications,Mechanical,Pulleys,Festo,FES68342,2,BOX,192.63,50,FALSE,50,8,89,17,26,7,Chemical Storage,Chemical Storage-A03,TF554883051125,,,,,,,C,26.19,{},,[],[],[],2025-09-28 13:39:07.702272,2025-09-28 18:39:07
64,TF-MEC-PUL-0064,Omron Pulleys 457,High-quality pulleys for industrial applications,Mechanical,Pulleys,Omron,OMR36805,2,ROLL,132.46,34,FALSE,34,3,34,6,10,8,Chemical Storage,Chemical Storage-A01,TF923947227778,,,,,,,C,2.1,{},,[],[],[],2025-09-28 13:39:07.702283,2025-09-28 18:39:07
65,TF-MEC-CHA-0065,Parker Hannifin Chains 468,High-quality chains for industrial applications,Mechanical,Chains,Parker Hannifin,PAR65194,2,FT,52.33,35,FALSE,35,3,37,7,11,20,Tool Crib,Tool Crib-B16,TF961326788969,,,,,,,C,31.81,{},,[],[],[],2025-09-28 13:39:07.702295,2025-09-28 18:39:07
66,TF-MEC-CHA-0066,Phoenix Contact Chains 610,High-quality chains for industrial applications,Mechanical,Chains,Phoenix Contact,PHO69158,TRUE,ROLL,456.87,12,FALSE,12,7,79,15,23,11,Tool Crib,Tool Crib-C05,TF542039708267,,,,,,,C,44.42,{},,[],[],[],2025-09-28 13:39:07.702307,2025-09-28 18:39:07
67,TF-MEC-CHA-0067,Phoenix Contact Chains 257,High-quality chains for industrial applications,Mechanical,Chains,Phoenix Contact,PHO18064,4,GAL,172.74,51,FALSE,51,14,145,29,43,18,Warehouse B-1,Warehouse B-1-C04,TF744120247011,,,,,,,B,25.71,{},,[],[],[],2025-09-28 13:39:07.702319,2025-09-28 18:39:07
68,TF-MEC-CHA-0068,Allen-Bradley Chains 735,High-quality chains for industrial applications,Mechanical,Chains,Allen-Bradley,ALL34630,TRUE,LB,364.92,11,FALSE,11,2,24,4,7,20,Warehouse B-2,Warehouse B-2-A07,TF693700316694,,,,,,,C,35.08,{},,[],[],[],2025-09-28 13:39:07.702330,2025-09-28 18:39:07
69,TF-MEC-CHA-0069,Mitsubishi Chains 739,High-quality chains for industrial applications,Mechanical,Chains,Mitsubishi,MIT64237,TRUE,LB,444.65,75,FALSE,75,11,119,23,35,3,Chemical Storage,Chemical Storage-A20,TF994237990292,,,,,,,B,10,{},,[],[],[],2025-09-28 13:39:07.702341,2025-09-28 18:39:07
70,TF-ELE-MOT-0070,Omron Motors 260,High-quality motors for industrial applications,Electrical,Motors,Omron,OMR75184,3,FT,584.92,13,FALSE,13,5,56,11,16,15,Tool Crib,Tool Crib-C07,TF522566748664,,,,,,,C,6.55,{},,[],[],[],2025-09-28 13:39:07.702354,2025-09-28 18:39:07
71,TF-ELE-MOT-0071,Fanuc Motors 775,High-quality motors for industrial applications,Electrical,Motors,Fanuc,FAN36776,4,GAL,333.9,30,FALSE,30,7,73,14,21,6,Warehouse A-2,Warehouse A-2-C03,TF422283715576,,,,,,,B,41.56,{},,[],[],[],2025-09-28 13:39:07.702366,2025-09-28 18:39:07
72,TF-ELE-MOT-0072,Balluff Motors 837,High-quality motors for industrial applications,Electrical,Motors,Balluff,BAL21262,2,LB,530.36,74,FALSE,74,18,189,37,56,5,Maintenance Shop,Maintenance Shop-A11,TF971738274425,,,,,,,B,47.82,{},,[],[],[],2025-09-28 13:39:07.702377,2025-09-28 18:39:07
73,TF-ELE-MOT-0073,Johnson Controls Motors 695,High-quality motors for industrial applications,Electrical,Motors,Johnson Controls,JOH54599,2,BOX,966.97,56,FALSE,56,5,56,11,16,14,Electronics Lab,Electronics Lab-C09,TF301512548299,,,,,,,C,49.14,{},,[],[],[],2025-09-28 13:39:07.702389,2025-09-28 18:39:07
74,TF-ELE-MOT-0074,Allen-Bradley Motors 678,High-quality motors for industrial applications,Electrical,Motors,Allen-Bradley,ALL18751,3,GAL,50.47,140,FALSE,140,18,181,36,54,12,Electronics Lab,Electronics Lab-B09,TF893753412671,,,,,,,B,45.33,{},,[],[],[],2025-09-28 13:39:07.702400,2025-09-28 18:39:07
75,TF-ELE-MOT-0075,GE Motors 892,High-quality motors for industrial applications,Electrical,Motors,GE,GE78937,4,FT,194.48,79,FALSE,79,18,189,37,56,7,Warehouse B-2,Warehouse B-2-A06,TF463680707274,,,,,,,C,41.67,{},,[],[],[],2025-09-28 13:39:07.702412,2025-09-28 18:39:07
76,TF-ELE-MOT-0076,Mitsubishi Motors 419,High-quality motors for industrial applications,Electrical,Motors,Mitsubishi,MIT89811,TRUE,BOX,434.14,54,FALSE,54,10,104,20,31,11,Warehouse B-1,Warehouse B-1-B14,TF702278661813,,,,,,,C,20.98,{},,[],[],[],2025-09-28 13:39:07.702423,2025-09-28 18:39:07
77,TF-ELE-MOT-0077,ABB Motors 532,High-quality motors for industrial applications,Electrical,Motors,ABB,ABB44481,2,LB,353.62,33,FALSE,33,5,52,10,15,7,Electronics Lab,Electronics Lab-A12,TF984952958452,,,,,,,C,5,{},,[],[],[],2025-09-28 13:39:07.702434,2025-09-28 18:39:07
78,TF-ELE-SEN-0078,Omron Sensors 454,High-quality sensors for industrial applications,Electrical,Sensors,Omron,OMR23279,5,GAL,931.06,83,FALSE,83,17,174,34,52,9,Maintenance Shop,Maintenance Shop-B04,TF385000343646,,,,,,,C,7.82,{},,[],[],[],2025-09-28 13:39:07.702446,2025-09-28 18:39:07
79,TF-ELE-SEN-0079,Siemens Sensors 899,High-quality sensors for industrial applications,Electrical,Sensors,Siemens,SIE40343,5,FT,52.85,31,FALSE,31,11,114,22,34,12,Warehouse A-1,Warehouse A-1-A04,TF739179562709,,,,,,,C,6.12,{},,[],[],[],2025-09-28 13:39:07.702458,2025-09-28 18:39:07
80,TF-ELE-SEN-0080,Fanuc Sensors 786,High-quality sensors for industrial applications,Electrical,Sensors,Fanuc,FAN37839,4,LB,554.49,43,FALSE,43,8,82,16,24,13,Tool Crib,Tool Crib-C04,TF991628268913,,,,,,,C,4.3,{},,[],[],[],2025-09-28 13:39:07.702469,2025-09-28 18:39:07
81,TF-ELE-SEN-0081,Emerson Sensors 541,High-quality sensors for industrial applications,Electrical,Sensors,Emerson,EME63818,TRUE,GAL,966.27,69,FALSE,69,7,72,14,21,7,Chemical Storage,Chemical Storage-C18,TF207532257691,,,,,,,C,38.55,{},,[],[],[],2025-09-28 13:39:07.702480,2025-09-28 18:39:07
82,TF-ELE-SEN-0082,Emerson Sensors 872,High-quality sensors for industrial applications,Electrical,Sensors,Emerson,EME83672,3,BOX,638.85,139,FALSE,139,13,139,27,41,12,Warehouse A-1,Warehouse A-1-C07,TF404833077521,,,,,,,C,16.96,{},,[],[],[],2025-09-28 13:39:07.702492,2025-09-28 18:39:07
83,TF-ELE-SEN-0083,Keyence Sensors 552,High-quality sensors for industrial applications,Electrical,Sensors,Keyence,KEY20232,3,BOX,277.31,51,FALSE,51,19,196,39,58,21,Warehouse B-1,Warehouse B-1-A04,TF586874688172,,,,,,,C,3,{},,[],[],[],2025-09-28 13:39:07.702503,2025-09-28 18:39:07
84,TF-ELE-SWI-0084,Johnson Controls Switches 160,High-quality switches for industrial applications,Electrical,Switches,Johnson Controls,JOH82636,4,FT,739.15,22,FALSE,22,4,42,8,12,3,Tool Crib,Tool Crib-A11,TF607433273906,,,,,,,C,7.13,{},,[],[],[],2025-09-28 13:39:07.702515,2025-09-28 18:39:07
85,TF-ELE-SWI-0085,Pepperl+Fuchs Switches 762,High-quality switches for industrial applications,Electrical,Switches,Pepperl+Fuchs,PEP89213,2,EA,93.18,125,FALSE,125,16,160,32,48,13,Maintenance Shop,Maintenance Shop-B17,TF244513045124,,,,,,,C,18.66,{},,[],[],[],2025-09-28 13:39:07.702528,2025-09-28 18:39:07
86,TF-ELE-SWI-0086,Omron Switches 469,High-quality switches for industrial applications,Electrical,Switches,Omron,OMR57735,2,BOX,129.32,187,FALSE,187,18,187,37,56,21,Maintenance Shop,Maintenance Shop-B03,TF996811733698,,,,,,,C,46.63,{},,[],[],[],2025-09-28 13:39:07.702539,2025-09-28 18:39:07
87,TF-ELE-CON-0087,Johnson Controls Contactors 825,High-quality contactors for industrial applications,Electrical,Contactors,Johnson Controls,JOH64151,2,FT,560.05,98,FALSE,98,17,173,34,51,15,Warehouse A-2,Warehouse A-2-B10,TF308677147766,,,,,,,C,8.8,{},,[],[],[],2025-09-28 13:39:07.702551,2025-09-28 18:39:07
88,TF-ELE-CON-0088,Allen-Bradley Contactors 622,High-quality contactors for industrial applications,Electrical,Contactors,Allen-Bradley,ALL36007,TRUE,EA,409.82,46,FALSE,46,5,51,10,15,3,Warehouse B-2,Warehouse B-2-C01,TF276837979632,,,,,,,A,17.87,{},,[],[],[],2025-09-28 13:39:07.702563,2025-09-28 18:39:07
89,TF-ELE-CON-0089,Festo Contactors 987,High-quality contactors for industrial applications,Electrical,Contactors,Festo,FES64820,2,BOX,712.53,106,FALSE,106,18,183,36,54,20,Electronics Lab,Electronics Lab-C18,TF852275722455,,,,,,,B,30.15,{},,[],[],[],2025-09-28 13:39:07.702574,2025-09-28 18:39:07
90,TF-ELE-CON-0090,Bosch Rexroth Contactors 458,High-quality contactors for industrial applications,Electrical,Contactors,Bosch Rexroth,BOS91823,5,EA,32.76,61,FALSE,61,12,121,24,36,3,Electronics Lab,Electronics Lab-B19,TF984405307151,,,,,,,C,48.01,{},,[],[],[],2025-09-28 13:39:07.702586,2025-09-28 18:39:07
91,TF-ELE-CON-0091,Johnson Controls Contactors 704,High-quality contactors for industrial applications,Electrical,Contactors,Johnson Controls,JOH86298,2,LB,105.92,21,FALSE,21,2,22,4,6,19,Warehouse B-2,Warehouse B-2-C11,TF395038973082,,,,,,,C,39.73,{},,[],[],[],2025-09-28 13:39:07.702597,2025-09-28 18:39:07
92,TF-ELE-REL-0092,ABB Relays 364,High-quality relays for industrial applications,Electrical,Relays,ABB,ABB84302,4,BOX,835.55,140,FALSE,140,17,171,34,51,20,Warehouse A-2,Warehouse A-2-B16,TF679545694348,,,,,,,C,23.6,{},,[],[],[],2025-09-28 13:39:07.702609,2025-09-28 18:39:07
93,TF-ELE-REL-0093,Johnson Controls Relays 715,High-quality relays for industrial applications,Electrical,Relays,Johnson Controls,JOH22770,5,GAL,629.38,48,FALSE,48,14,141,28,42,11,Warehouse A-1,Warehouse A-1-B08,TF463818606333,,,,,,,A,6.1,{},,[],[],[],2025-09-28 13:39:07.702621,2025-09-28 18:39:07
94,TF-ELE-REL-0094,Mitsubishi Relays 986,High-quality relays for industrial applications,Electrical,Relays,Mitsubishi,MIT27532,5,ROLL,553.44,49,FALSE,49,10,101,20,30,13,Warehouse A-1,Warehouse A-1-C14,TF426554058378,,,,,,,B,19.83,{},,[],[],[],2025-09-28 13:39:07.702632,2025-09-28 18:39:07
95,TF-ELE-REL-0095,Festo Relays 124,High-quality relays for industrial applications,Electrical,Relays,Festo,FES76347,TRUE,LB,983.3,14,FALSE,14,2,23,4,6,11,Electronics Lab,Electronics Lab-B14,TF275083558558,,,,,,,A,33.44,{},,[],[],[],2025-09-28 13:39:07.702643,2025-09-28 18:39:07
96,TF-ELE-REL-0096,Pepperl+Fuchs Relays 121,High-quality relays for industrial applications,Electrical,Relays,Pepperl+Fuchs,PEP73894,5,LB,792.29,83,FALSE,83,18,184,36,55,6,Chemical Storage,Chemical Storage-C09,TF192346403215,,,,,,,B,35.63,{},,[],[],[],2025-09-28 13:39:07.702655,2025-09-28 18:39:07
97,TF-ELE-REL-0097,Honeywell Relays 238,High-quality relays for industrial applications,Electrical,Relays,Honeywell,HON25693,4,GAL,118.15,113,FALSE,113,17,176,35,52,15,Tool Crib,Tool Crib-A09,TF422370609092,,,,,,,C,10.79,{},,[],[],[],2025-09-28 13:39:07.702666,2025-09-28 18:39:07
98,TF-ELE-REL-0098,Phoenix Contact Relays 347,High-quality relays for industrial applications,Electrical,Relays,Phoenix Contact,PHO53557,TRUE,BOX,309.98,22,FALSE,22,16,167,33,50,4,Warehouse A-2,Warehouse A-2-C10,TF772412239875,,,,,,,C,1.49,{},,[],[],[],2025-09-28 13:39:07.702678,2025-09-28 18:39:07
99,TF-ELE-REL-0099,Allen-Bradley Relays 130,High-quality relays for industrial applications,Electrical,Relays,Allen-Bradley,ALL69537,3,ROLL,852.06,92,FALSE,92,12,125,25,37,19,Warehouse A-2,Warehouse A-2-B01,TF243898037632,,,,,,,C,18.38,{},,[],[],[],2025-09-28 13:39:07.702690,2025-09-28 18:39:07
100,TF-ELE-FUS-0100,Siemens Fuses 703,High-quality fuses for industrial applications,Electrical,Fuses,Siemens,SIE45925,TRUE,ROLL,168.96,14,FALSE,14,7,71,14,21,19,Warehouse B-1,Warehouse B-1-B16,TF677552578062,,,,,,,A,46.1,{},,[],[],[],2025-09-28 13:39:07.702702,2025-09-28 18:39:07
101,TF-ELE-FUS-0101,Mitsubishi Fuses 202,High-quality fuses for industrial applications,Electrical,Fuses,Mitsubishi,MIT24960,TRUE,FT,655.57,28,FALSE,28,4,45,9,13,13,Warehouse B-2,Warehouse B-2-C19,TF190369739522,,,,,,,C,42.81,{},,[],[],[],2025-09-28 13:39:07.702713,2025-09-28 18:39:07
102,TF-ELE-FUS-0102,Festo Fuses 789,High-quality fuses for industrial applications,Electrical,Fuses,Festo,FES39637,4,BOX,416.72,19,FALSE,19,10,101,20,30,15,Warehouse A-1,Warehouse A-1-A09,TF628770143574,,,,,,,C,38.39,{},,[],[],[],2025-09-28 13:39:07.702724,2025-09-28 18:39:07
103,TF-ELE-FUS-0103,Emerson Fuses 574,High-quality fuses for industrial applications,Electrical,Fuses,Emerson,EME83769,TRUE,GAL,564.26,78,FALSE,78,13,132,26,39,21,Warehouse A-1,Warehouse A-1-A16,TF216628805430,,,,,,,B,14.86,{},,[],[],[],2025-09-28 13:39:07.702736,2025-09-28 18:39:07
104,TF-ELE-CIR-0104,Balluff Circuit Breakers 173,High-quality circuit breakers for industrial applications,Electrical,Circuit Breakers,Balluff,BAL17934,2,BOX,84.89,42,FALSE,42,11,110,22,33,15,Chemical Storage,Chemical Storage-B17,TF446048568688,,,,,,,C,43.8,{},,[],[],[],2025-09-28 13:39:07.702748,2025-09-28 18:39:07
105,TF-ELE-CIR-0105,SMC Circuit Breakers 548,High-quality circuit breakers for industrial applications,Electrical,Circuit Breakers,SMC,SMC94840,5,EA,72.24,107,FALSE,107,15,151,30,45,9,Chemical Storage,Chemical Storage-B05,TF745433082584,,,,,,,C,10.6,{},,[],[],[],2025-09-28 13:39:07.702760,2025-09-28 18:39:07
106,TF-ELE-CIR-0106,Omron Circuit Breakers 125,High-quality circuit breakers for industrial applications,Electrical,Circuit Breakers,Omron,OMR20742,2,BOX,893.34,85,FALSE,85,19,195,39,58,21,Chemical Storage,Chemical Storage-C02,TF622134642783,,,,,,,B,47.44,{},,[],[],[],2025-09-28 13:39:07.702771,2025-09-28 18:39:07
107,TF-ELE-CIR-0107,Emerson Circuit Breakers 229,High-quality circuit breakers for industrial applications,Electrical,Circuit Breakers,Emerson,EME71050,3,LB,680.96,144,FALSE,144,19,197,39,59,4,Maintenance Shop,Maintenance Shop-C05,TF991888931487,,,,,,,C,21.5,{},,[],[],[],2025-09-28 13:39:07.702783,2025-09-28 18:39:07
108,TF-ELE-CIR-0108,Bosch Rexroth Circuit Breakers 109,High-quality circuit breakers for industrial applications,Electrical,Circuit Breakers,Bosch Rexroth,BOS21772,2,BOX,762.34,67,FALSE,67,8,83,16,24,17,Chemical Storage,Chemical Storage-B07,TF955471198546,,,,,,,B,27.57,{},,[],[],[],2025-09-28 13:39:07.702794,2025-09-28 18:39:07
109,TF-ELE-CIR-0109,Phoenix Contact Circuit Breakers 338,High-quality circuit breakers for industrial applications,Electrical,Circuit Breakers,Phoenix Contact,PHO28302,3,EA,785.24,48,FALSE,48,14,148,29,44,3,Chemical Storage,Chemical Storage-C02,TF553650593815,,,,,,,A,41.81,{},,[],[],[],2025-09-28 13:39:07.702806,2025-09-28 18:39:07
110,TF-ELE-CIR-0110,Honeywell Circuit Breakers 385,High-quality circuit breakers for industrial applications,Electrical,Circuit Breakers,Honeywell,HON98194,3,LB,21.13,77,FALSE,77,15,150,30,45,3,Tool Crib,Tool Crib-B01,TF542305569774,,,,,,,C,42.43,{},,[],[],[],2025-09-28 13:39:07.702818,2025-09-28 18:39:07
111,TF-ELE-CIR-0111,Schneider Electric Circuit Breakers 618,High-quality circuit breakers for industrial applications,Electrical,Circuit Breakers,Schneider Electric,SCH42308,TRUE,EA,831.3,9,FALSE,9,2,29,5,8,3,Warehouse B-2,Warehouse B-2-A15,TF630312581798,,,,,,,B,22.52,{},,[],[],[],2025-09-28 13:39:07.702830,2025-09-28 18:39:07
112,TF-ELE-CAB-0112,ABB Cables 345,High-quality cables for industrial applications,Electrical,Cables,ABB,ABB89121,2,EA,213.64,10,FALSE,10,2,27,5,8,10,Tool Crib,Tool Crib-C05,TF734168852088,,,,,,,B,1.09,{},,[],[],[],2025-09-28 13:39:07.702842,2025-09-28 18:39:07
113,TF-ELE-CAB-0113,Festo Cables 422,High-quality cables for industrial applications,Electrical,Cables,Festo,FES19411,5,FT,589.74,128,FALSE,128,17,174,34,52,14,Warehouse B-2,Warehouse B-2-C17,TF957166754715,,,,,,,B,8.21,{},,[],[],[],2025-09-28 13:39:07.702853,2025-09-28 18:39:07
114,TF-ELE-CAB-0114,Keyence Cables 178,High-quality cables for industrial applications,Electrical,Cables,Keyence,KEY14556,4,BOX,556.43,33,FALSE,33,4,42,8,12,7,Electronics Lab,Electronics Lab-C17,TF397972345370,,,,,,,C,42.6,{},,[],[],[],2025-09-28 13:39:07.702865,2025-09-28 18:39:07
115,TF-ELE-CAB-0115,Honeywell Cables 702,High-quality cables for industrial applications,Electrical,Cables,Honeywell,HON46318,TRUE,BOX,922.95,127,FALSE,127,18,183,36,54,11,Tool Crib,Tool Crib-B20,TF860833515959,,,,,,,C,43.37,{},,[],[],[],2025-09-28 13:39:07.702876,2025-09-28 18:39:07
116,TF-ELE-CAB-0116,Keyence Cables 762,High-quality cables for industrial applications,Electrical,Cables,Keyence,KEY59262,3,BOX,470.38,63,FALSE,63,10,104,20,31,20,Tool Crib,Tool Crib-C09,TF627423328999,,,,,,,B,10.93,{},,[],[],[],2025-09-28 13:39:07.702887,2025-09-28 18:39:07
117,TF-ELE-CAB-0117,Phoenix Contact Cables 253,High-quality cables for industrial applications,Electrical,Cables,Phoenix Contact,PHO27499,2,LB,349.93,22,FALSE,22,3,36,7,10,4,Warehouse A-1,Warehouse A-1-B03,TF629890688566,,,,,,,B,22.18,{},,[],[],[],2025-09-28 13:39:07.702899,2025-09-28 18:39:07
118,TF-ELE-CAB-0118,GE Cables 986,High-quality cables for industrial applications,Electrical,Cables,GE,GE17840,2,LB,646.66,27,FALSE,27,2,27,5,8,3,Warehouse B-2,Warehouse B-2-C03,TF977318623253,,,,,,,B,47.41,{},,[],[],[],2025-09-28 13:39:07.702911,2025-09-28 18:39:07
119,TF-ELE-CON-0119,Balluff Connectors 825,High-quality connectors for industrial applications,Electrical,Connectors,Balluff,BAL24626,2,LB,190.35,24,FALSE,24,6,62,12,18,17,Warehouse A-1,Warehouse A-1-C06,TF493513457302,,,,,,,C,15.42,{},,[],[],[],2025-09-28 13:39:07.702922,2025-09-28 18:39:07
120,TF-ELE-CON-0120,GE Connectors 316,High-quality connectors for industrial applications,Electrical,Connectors,GE,GE38408,TRUE,FT,422.87,91,FALSE,91,18,185,37,55,19,Warehouse A-2,Warehouse A-2-C15,TF324160055679,,,,,,,C,17.58,{},,[],[],[],2025-09-28 13:39:07.702934,2025-09-28 18:39:07
121,TF-ELE-CON-0121,Cognex Connectors 766,High-quality connectors for industrial applications,Electrical,Connectors,Cognex,COG79265,4,GAL,495.75,71,FALSE,71,11,115,23,34,18,Tool Crib,Tool Crib-A11,TF646581220707,,,,,,,C,44.37,{},,[],[],[],2025-09-28 13:39:07.702946,2025-09-28 18:39:07
122,TF-ELE-TRA-0122,Pepperl+Fuchs Transformers 307,High-quality transformers for industrial applications,Electrical,Transformers,Pepperl+Fuchs,PEP92827,TRUE,GAL,502.43,129,FALSE,129,13,132,26,39,3,Warehouse A-1,Warehouse A-1-A03,TF266914834640,,,,,,,B,4.14,{},,[],[],[],2025-09-28 13:39:07.702958,2025-09-28 18:39:07
123,TF-ELE-TRA-0123,Bosch Rexroth Transformers 243,High-quality transformers for industrial applications,Electrical,Transformers,Bosch Rexroth,BOS20004,4,BOX,185.86,101,FALSE,101,16,166,33,49,21,Warehouse A-2,Warehouse A-2-B08,TF517449503684,,,,,,,B,6.42,{},,[],[],[],2025-09-28 13:39:07.702969,2025-09-28 18:39:07
124,TF-ELE-TRA-0124,ABB Transformers 138,High-quality transformers for industrial applications,Electrical,Transformers,ABB,ABB65758,4,LB,752.09,11,FALSE,11,3,33,6,9,7,Tool Crib,Tool Crib-C14,TF830697123308,,,,,,,C,19.26,{},,[],[],[],2025-09-28 13:39:07.702981,2025-09-28 18:39:07
125,TF-ELE-CAP-0125,Pepperl+Fuchs Capacitors 886,High-quality capacitors for industrial applications,Electrical,Capacitors,Pepperl+Fuchs,PEP61236,2,EA,99.8,12,FALSE,12,10,101,20,30,16,Warehouse B-1,Warehouse B-1-B11,TF340306468194,,,,,,,B,18.24,{},,[],[],[],2025-09-28 13:39:07.702994,2025-09-28 18:39:07
126,TF-ELE-CAP-0126,Pepperl+Fuchs Capacitors 457,High-quality capacitors for industrial applications,Electrical,Capacitors,Pepperl+Fuchs,PEP63671,3,EA,304.1,121,FALSE,121,13,134,26,40,19,Warehouse B-2,Warehouse B-2-B08,TF431209417187,,,,,,,C,32.87,{},,[],[],[],2025-09-28 13:39:07.703006,2025-09-28 18:39:07
127,TF-ELE-CAP-0127,Siemens Capacitors 836,High-quality capacitors for industrial applications,Electrical,Capacitors,Siemens,SIE19686,5,EA,240.52,14,FALSE,14,13,135,27,40,17,Warehouse A-2,Warehouse A-2-A19,TF187937005209,,,,,,,B,9,{},,[],[],[],2025-09-28 13:39:07.703017,2025-09-28 18:39:07
128,TF-ELE-CAP-0128,Fanuc Capacitors 409,High-quality capacitors for industrial applications,Electrical,Capacitors,Fanuc,FAN54869,3,LB,310.4,25,FALSE,25,2,25,5,7,8,Maintenance Shop,Maintenance Shop-B03,TF316405740798,,,,,,,B,42.14,{},,[],[],[],2025-09-28 13:39:07.703029,2025-09-28 18:39:07
129,TF-ELE-CAP-0129,SMC Capacitors 875,High-quality capacitors for industrial applications,Electrical,Capacitors,SMC,SMC44658,2,GAL,445,50,FALSE,50,6,61,12,18,11,Maintenance Shop,Maintenance Shop-A13,TF480129371081,,,,,,,A,16.28,{},,[],[],[],2025-09-28 13:39:07.703041,2025-09-28 18:39:07
130,TF-ELE-CAP-0130,Emerson Capacitors 336,High-quality capacitors for industrial applications,Electrical,Capacitors,Emerson,EME38809,TRUE,ROLL,580.87,76,FALSE,76,12,127,25,38,11,Electronics Lab,Electronics Lab-A04,TF243994300571,,,,,,,C,31.24,{},,[],[],[],2025-09-28 13:39:07.703052,2025-09-28 18:39:07
131,TF-ELE-CAP-0131,Cognex Capacitors 556,High-quality capacitors for industrial applications,Electrical,Capacitors,Cognex,COG70091,2,ROLL,720.2,89,FALSE,89,18,186,37,55,6,Chemical Storage,Chemical Storage-C20,TF351076532445,,,,,,,B,46.7,{},,[],[],[],2025-09-28 13:39:07.703064,2025-09-28 18:39:07
132,TF-ELE-CAP-0132,ABB Capacitors 758,High-quality capacitors for industrial applications,Electrical,Capacitors,ABB,ABB54906,3,EA,688.26,54,FALSE,54,11,114,22,34,20,Electronics Lab,Electronics Lab-A13,TF240855249401,,,,,,,C,31.48,{},,[],[],[],2025-09-28 13:39:07.703075,2025-09-28 18:39:07
133,TF-HVA-FIL-0133,Siemens Filters 782,High-quality filters for industrial applications,HVAC,Filters,Siemens,SIE43069,2,GAL,145.58,120,FALSE,120,17,174,34,52,19,Maintenance Shop,Maintenance Shop-C01,TF953462553701,,,,,,,A,4.39,{},,[],[],[],2025-09-28 13:39:07.703087,2025-09-28 18:39:07
134,TF-HVA-FIL-0134,Fanuc Filters 458,High-quality filters for industrial applications,HVAC,Filters,Fanuc,FAN72647,2,LB,299.6,129,FALSE,129,15,158,31,47,16,Electronics Lab,Electronics Lab-B16,TF151327255586,,,,,,,A,18.97,{},,[],[],[],2025-09-28 13:39:07.703099,2025-09-28 18:39:07
135,TF-HVA-FIL-0135,Omron Filters 915,High-quality filters for industrial applications,HVAC,Filters,Omron,OMR82785,3,LB,584.16,62,FALSE,62,19,197,39,59,17,Warehouse B-1,Warehouse B-1-A08,TF898074572369,,,,,,,C,40.79,{},,[],[],[],2025-09-28 13:39:07.703110,2025-09-28 18:39:07
136,TF-HVA-FIL-0136,Omron Filters 405,High-quality filters for industrial applications,HVAC,Filters,Omron,OMR88881,2,LB,736.62,10,FALSE,10,3,31,6,9,9,Warehouse B-2,Warehouse B-2-A10,TF378673739855,,,,,,,C,8.44,{},,[],[],[],2025-09-28 13:39:07.703122,2025-09-28 18:39:07
137,TF-HVA-VAL-0137,Pepperl+Fuchs Valves 579,High-quality valves for industrial applications,HVAC,Valves,Pepperl+Fuchs,PEP79617,2,LB,80.93,24,FALSE,24,4,42,8,12,10,Maintenance Shop,Maintenance Shop-C02,TF435516276820,,,,,,,B,17.07,{},,[],[],[],2025-09-28 13:39:07.703133,2025-09-28 18:39:07
138,TF-HVA-VAL-0138,SMC Valves 585,High-quality valves for industrial applications,HVAC,Valves,SMC,SMC21610,2,GAL,158.2,85,FALSE,85,12,122,24,36,10,Warehouse A-2,Warehouse A-2-B18,TF507866875101,,,,,,,B,33.94,{},,[],[],[],2025-09-28 13:39:07.703145,2025-09-28 18:39:07
139,TF-HVA-VAL-0139,Schneider Electric Valves 987,High-quality valves for industrial applications,HVAC,Valves,Schneider Electric,SCH19004,3,EA,161.77,29,FALSE,29,16,169,33,50,20,Tool Crib,Tool Crib-A03,TF209465934666,,,,,,,C,20.27,{},,[],[],[],2025-09-28 13:39:07.703157,2025-09-28 18:39:07
140,TF-HVA-THE-0140,ABB Thermostats 199,High-quality thermostats for industrial applications,HVAC,Thermostats,ABB,ABB82793,2,LB,310.76,84,FALSE,84,14,147,29,44,4,Warehouse B-2,Warehouse B-2-C20,TF603446371719,,,,,,,C,30.57,{},,[],[],[],2025-09-28 13:39:07.703169,2025-09-28 18:39:07
141,TF-HVA-THE-0141,Schneider Electric Thermostats 607,High-quality thermostats for industrial applications,HVAC,Thermostats,Schneider Electric,SCH64494,3,ROLL,412.91,127,FALSE,127,14,147,29,44,8,Warehouse B-2,Warehouse B-2-B11,TF407572443655,,,,,,,B,16.42,{},,[],[],[],2025-09-28 13:39:07.703180,2025-09-28 18:39:07
142,TF-HVA-THE-0142,Pepperl+Fuchs Thermostats 746,High-quality thermostats for industrial applications,HVAC,Thermostats,Pepperl+Fuchs,PEP64848,3,GAL,234.6,21,FALSE,21,11,116,23,34,8,Warehouse B-2,Warehouse B-2-B03,TF856114558895,,,,,,,C,32.11,{},,[],[],[],2025-09-28 13:39:07.703192,2025-09-28 18:39:07
143,TF-HVA-DAM-0143,Bosch Rexroth Dampers 192,High-quality dampers for industrial applications,HVAC,Dampers,Bosch Rexroth,BOS58275,4,EA,251.22,19,FALSE,19,12,125,25,37,17,Warehouse A-1,Warehouse A-1-A12,TF782223748870,,,,,,,C,45.55,{},,[],[],[],2025-09-28 13:39:07.703204,2025-09-28 18:39:07
144,TF-HVA-DAM-0144,ABB Dampers 631,High-quality dampers for industrial applications,HVAC,Dampers,ABB,ABB10790,4,LB,434.43,17,FALSE,17,3,33,6,9,17,Warehouse A-1,Warehouse A-1-B08,TF824673235192,,,,,,,C,46.21,{},,[],[],[],2025-09-28 13:39:07.703216,2025-09-28 18:39:07
145,TF-HVA-DAM-0145,Cognex Dampers 758,High-quality dampers for industrial applications,HVAC,Dampers,Cognex,COG99834,2,BOX,507.27,72,FALSE,72,9,94,18,28,17,Warehouse A-1,Warehouse A-1-C12,TF788899203011,,,,,,,A,5.62,{},,[],[],[],2025-09-28 13:39:07.703227,2025-09-28 18:39:07
146,TF-HVA-DAM-0146,Cognex Dampers 927,High-quality dampers for industrial applications,HVAC,Dampers,Cognex,COG31372,3,EA,438.07,9,FALSE,9,5,53,10,15,9,Tool Crib,Tool Crib-A17,TF420999091389,,,,,,,B,19.74,{},,[],[],[],2025-09-28 13:39:07.703238,2025-09-28 18:39:07
147,TF-HVA-DAM-0147,Balluff Dampers 823,High-quality dampers for industrial applications,HVAC,Dampers,Balluff,BAL52153,4,GAL,437.43,121,FALSE,121,14,144,28,43,9,Maintenance Shop,Maintenance Shop-A10,TF677829503362,,,,,,,C,41.46,{},,[],[],[],2025-09-28 13:39:07.703249,2025-09-28 18:39:07
148,TF-HVA-DAM-0148,Bosch Rexroth Dampers 489,High-quality dampers for industrial applications,HVAC,Dampers,Bosch Rexroth,BOS56887,4,ROLL,257.85,28,FALSE,28,3,35,7,10,19,Tool Crib,Tool Crib-B16,TF770679679234,,,,,,,A,7.35,{},,[],[],[],2025-09-28 13:39:07.703261,2025-09-28 18:39:07
149,TF-HVA-DAM-0149,Balluff Dampers 440,High-quality dampers for industrial applications,HVAC,Dampers,Balluff,BAL64654,2,EA,209.57,37,FALSE,37,10,103,20,30,13,Maintenance Shop,Maintenance Shop-C12,TF979517537054,,,,,,,B,40.35,{},,[],[],[],2025-09-28 13:39:07.703272,2025-09-28 18:39:07
150,TF-HVA-COI-0150,Schneider Electric Coils 115,High-quality coils for industrial applications,HVAC,Coils,Schneider Electric,SCH56946,TRUE,ROLL,99.24,36,FALSE,36,5,52,10,15,14,Electronics Lab,Electronics Lab-C06,TF517408785454,,,,,,,B,13.1,{},,[],[],[],2025-09-28 13:39:07.703284,2025-09-28 18:39:07
151,TF-HVA-COI-0151,Phoenix Contact Coils 835,High-quality coils for industrial applications,HVAC,Coils,Phoenix Contact,PHO10615,3,GAL,446.3,27,FALSE,27,3,36,7,10,19,Tool Crib,Tool Crib-C14,TF546781917081,,,,,,,C,36.96,{},,[],[],[],2025-09-28 13:39:07.703295,2025-09-28 18:39:07
152,TF-HVA-COI-0152,SMC Coils 972,High-quality coils for industrial applications,HVAC,Coils,SMC,SMC30679,2,ROLL,403.12,63,FALSE,63,19,192,38,57,14,Maintenance Shop,Maintenance Shop-C11,TF454103773684,,,,,,,B,35.42,{},,[],[],[],2025-09-28 13:39:07.703306,2025-09-28 18:39:07
153,TF-HVA-FAN-0153,Phoenix Contact Fans 345,High-quality fans for industrial applications,HVAC,Fans,Phoenix Contact,PHO64006,TRUE,FT,667.71,80,FALSE,80,12,121,24,36,18,Electronics Lab,Electronics Lab-B15,TF692438202171,,,,,,,C,27.83,{},,[],[],[],2025-09-28 13:39:07.703319,2025-09-28 18:39:07
154,TF-HVA-FAN-0154,Parker Hannifin Fans 275,High-quality fans for industrial applications,HVAC,Fans,Parker Hannifin,PAR60338,2,FT,404.3,57,FALSE,57,17,176,35,52,20,Chemical Storage,Chemical Storage-B11,TF116245250434,,,,,,,B,45.04,{},,[],[],[],2025-09-28 13:39:07.703330,2025-09-28 18:39:07
155,TF-HVA-FAN-0155,Festo Fans 215,High-quality fans for industrial applications,HVAC,Fans,Festo,FES60442,5,EA,177.36,24,FALSE,24,2,27,5,8,3,Electronics Lab,Electronics Lab-A09,TF871499486485,,,,,,,C,10.27,{},,[],[],[],2025-09-28 13:39:07.703341,2025-09-28 18:39:07
156,TF-HVA-FAN-0156,ABB Fans 337,High-quality fans for industrial applications,HVAC,Fans,ABB,ABB44118,5,EA,525.89,121,FALSE,121,17,172,34,51,17,Warehouse A-2,Warehouse A-2-C13,TF387937078584,,,,,,,A,19.23,{},,[],[],[],2025-09-28 13:39:07.703353,2025-09-28 18:39:07
157,TF-HVA-FAN-0157,Omron Fans 621,High-quality fans for industrial applications,HVAC,Fans,Omron,OMR71348,5,GAL,104.63,18,FALSE,18,17,172,34,51,11,Chemical Storage,Chemical Storage-B04,TF314902749006,,,,,,,B,46.58,{},,[],[],[],2025-09-28 13:39:07.703364,2025-09-28 18:39:07
158,TF-HVA-FAN-0158,Balluff Fans 454,High-quality fans for industrial applications,HVAC,Fans,Balluff,BAL56366,4,FT,286.17,41,FALSE,41,8,88,17,26,17,Warehouse B-2,Warehouse B-2-B14,TF175775890255,,,,,,,C,31.43,{},,[],[],[],2025-09-28 13:39:07.703376,2025-09-28 18:39:07
159,TF-HVA-COM-0159,Parker Hannifin Compressors 810,High-quality compressors for industrial applications,HVAC,Compressors,Parker Hannifin,PAR23118,4,LB,102.35,15,FALSE,15,8,88,17,26,13,Electronics Lab,Electronics Lab-C08,TF889835354240,,,,,,,B,22.39,{},,[],[],[],2025-09-28 13:39:07.703387,2025-09-28 18:39:07
160,TF-HVA-COM-0160,Balluff Compressors 837,High-quality compressors for industrial applications,HVAC,Compressors,Balluff,BAL27217,4,LB,631.01,38,FALSE,38,10,105,21,31,12,Warehouse B-2,Warehouse B-2-A18,TF240989263120,,,,,,,B,48.17,{},,[],[],[],2025-09-28 13:39:07.703399,2025-09-28 18:39:07
161,TF-HVA-COM-0161,SMC Compressors 966,High-quality compressors for industrial applications,HVAC,Compressors,SMC,SMC49533,5,BOX,781.17,152,FALSE,152,15,157,31,47,7,Warehouse A-1,Warehouse A-1-B04,TF586273018553,,,,,,,A,40.78,{},,[],[],[],2025-09-28 13:39:07.703410,2025-09-28 18:39:07
162,TF-HVA-COM-0162,Fanuc Compressors 508,High-quality compressors for industrial applications,HVAC,Compressors,Fanuc,FAN22305,3,EA,608.09,122,FALSE,122,14,146,29,43,8,Tool Crib,Tool Crib-B10,TF329390325856,,,,,,,B,27.2,{},,[],[],[],2025-09-28 13:39:07.703421,2025-09-28 18:39:07
163,TF-HVA-COM-0163,Festo Compressors 913,High-quality compressors for industrial applications,HVAC,Compressors,Festo,FES96646,2,EA,621.16,66,FALSE,66,7,72,14,21,9,Warehouse B-1,Warehouse B-1-C08,TF821709438737,,,,,,,C,42.76,{},,[],[],[],2025-09-28 13:39:07.703433,2025-09-28 18:39:07
164,TF-HVA-REF-0164,Fanuc Refrigerant 571,High-quality refrigerant for industrial applications,HVAC,Refrigerant,Fanuc,FAN41319,2,FT,288.81,44,FALSE,44,7,72,14,21,20,Electronics Lab,Electronics Lab-B18,TF162574962904,,,,,,,C,14.05,{},,[],[],[],2025-09-28 13:39:07.703444,2025-09-28 18:39:07
165,TF-HVA-REF-0165,Keyence Refrigerant 769,High-quality refrigerant for industrial applications,HVAC,Refrigerant,Keyence,KEY12512,3,BOX,619.45,13,FALSE,13,6,65,13,19,4,Warehouse B-1,Warehouse B-1-B03,TF785360150173,,,,,,,C,15.83,{},,[],[],[],2025-09-28 13:39:07.703456,2025-09-28 18:39:07
166,TF-HVA-REF-0166,Cognex Refrigerant 416,High-quality refrigerant for industrial applications,HVAC,Refrigerant,Cognex,COG34348,4,FT,524.97,27,FALSE,27,15,157,31,47,6,Warehouse B-2,Warehouse B-2-C19,TF964410098739,,,,,,,B,9.2,{},,[],[],[],2025-09-28 13:39:07.703467,2025-09-28 18:39:07
167,TF-HVA-INS-0167,Pepperl+Fuchs Insulation 465,High-quality insulation for industrial applications,HVAC,Insulation,Pepperl+Fuchs,PEP75804,3,FT,218.68,31,FALSE,31,18,186,37,55,16,Electronics Lab,Electronics Lab-C12,TF430178424251,,,,,,,C,2.25,{},,[],[],[],2025-09-28 13:39:07.703479,2025-09-28 18:39:07
168,TF-HVA-INS-0168,Emerson Insulation 374,High-quality insulation for industrial applications,HVAC,Insulation,Emerson,EME83872,2,LB,560.8,50,FALSE,50,6,68,13,20,4,Maintenance Shop,Maintenance Shop-A16,TF680908489125,,,,,,,C,6.65,{},,[],[],[],2025-09-28 13:39:07.703491,2025-09-28 18:39:07
169,TF-HVA-INS-0169,Schneider Electric Insulation 546,High-quality insulation for industrial applications,HVAC,Insulation,Schneider Electric,SCH61583,4,ROLL,368.87,108,FALSE,108,11,119,23,35,3,Warehouse B-2,Warehouse B-2-C03,TF625292367740,,,,,,,B,44.44,{},,[],[],[],2025-09-28 13:39:07.703502,2025-09-28 18:39:07
170,TF-HVA-INS-0170,Keyence Insulation 818,High-quality insulation for industrial applications,HVAC,Insulation,Keyence,KEY14566,4,BOX,703.15,111,FALSE,111,19,199,39,59,17,Tool Crib,Tool Crib-A07,TF943320514221,,,,,,,B,49.79,{},,[],[],[],2025-09-28 13:39:07.703514,2025-09-28 18:39:07
171,TF-HVA-INS-0171,Parker Hannifin Insulation 378,High-quality insulation for industrial applications,HVAC,Insulation,Parker Hannifin,PAR89828,TRUE,BOX,176.73,134,FALSE,134,17,171,34,51,7,Warehouse A-1,Warehouse A-1-B18,TF697503374308,,,,,,,B,12.23,{},,[],[],[],2025-09-28 13:39:07.703525,2025-09-28 18:39:07
172,TF-HVA-INS-0172,Bosch Rexroth Insulation 903,High-quality insulation for industrial applications,HVAC,Insulation,Bosch Rexroth,BOS79092,3,FT,413.14,34,FALSE,34,8,89,17,26,19,Chemical Storage,Chemical Storage-B19,TF470066424457,,,,,,,A,12.86,{},,[],[],[],2025-09-28 13:39:07.703537,2025-09-28 18:39:07
173,TF-HVA-INS-0173,Balluff Insulation 187,High-quality insulation for industrial applications,HVAC,Insulation,Balluff,BAL60952,2,BOX,177.43,60,FALSE,60,15,157,31,47,13,Warehouse B-2,Warehouse B-2-C06,TF883494817177,,,,,,,B,47.64,{},,[],[],[],2025-09-28 13:39:07.703548,2025-09-28 18:39:07
174,TF-HVA-INS-0174,Cognex Insulation 202,High-quality insulation for industrial applications,HVAC,Insulation,Cognex,COG64537,3,GAL,420.64,48,FALSE,48,5,53,10,15,18,Warehouse A-2,Warehouse A-2-A16,TF678533439184,,,,,,,A,12.6,{},,[],[],[],2025-09-28 13:39:07.703559,2025-09-28 18:39:07
175,TF-HVA-DUC-0175,Emerson Ductwork 590,High-quality ductwork for industrial applications,HVAC,Ductwork,Emerson,EME78318,TRUE,BOX,29.79,11,FALSE,11,2,26,5,7,12,Warehouse A-2,Warehouse A-2-C07,TF232969284169,,,,,,,C,13.17,{},,[],[],[],2025-09-28 13:39:07.703571,2025-09-28 18:39:07
176,TF-HVA-DUC-0176,Honeywell Ductwork 913,High-quality ductwork for industrial applications,HVAC,Ductwork,Honeywell,HON38616,4,BOX,535.64,21,FALSE,21,6,65,13,19,14,Warehouse B-1,Warehouse B-1-C11,TF393208365625,,,,,,,A,46.18,{},,[],[],[],2025-09-28 13:39:07.703583,2025-09-28 18:39:07
177,TF-HVA-DUC-0177,Cognex Ductwork 848,High-quality ductwork for industrial applications,HVAC,Ductwork,Cognex,COG54962,5,EA,685.13,154,FALSE,154,16,160,32,48,11,Warehouse B-2,Warehouse B-2-B17,TF926091158318,,,,,,,C,10.03,{},,[],[],[],2025-09-28 13:39:07.703594,2025-09-28 18:39:07
178,TF-HVA-DUC-0178,Mitsubishi Ductwork 690,High-quality ductwork for industrial applications,HVAC,Ductwork,Mitsubishi,MIT89622,4,FT,431.65,22,FALSE,22,8,80,16,24,9,Chemical Storage,Chemical Storage-A16,TF976716526860,,,,,,,C,28.43,{},,[],[],[],2025-09-28 13:39:07.703606,2025-09-28 18:39:07
179,TF-CON-LUB-0179,Siemens Lubricants 844,High-quality lubricants for industrial applications,Consumables,Lubricants,Siemens,SIE55818,3,BOX,41.97,34,FALSE,34,10,105,21,31,20,Maintenance Shop,Maintenance Shop-A11,TF182292231709,,,,,,,C,20.12,{},,[],[],[],2025-09-28 13:39:07.703617,2025-09-28 18:39:07
180,TF-CON-LUB-0180,Cognex Lubricants 496,High-quality lubricants for industrial applications,Consumables,Lubricants,Cognex,COG26608,2,GAL,10.53,67,FALSE,67,15,154,30,46,15,Warehouse B-2,Warehouse B-2-C03,TF714229943541,,,,,,,C,45.97,{},,[],[],[],2025-09-28 13:39:07.703629,2025-09-28 18:39:07
181,TF-CON-LUB-0181,Cognex Lubricants 660,High-quality lubricants for industrial applications,Consumables,Lubricants,Cognex,COG51543,5,ROLL,20.28,19,FALSE,19,7,77,15,23,14,Maintenance Shop,Maintenance Shop-C10,TF584648508497,,,,,,,A,49.38,{},,[],[],[],2025-09-28 13:39:07.703642,2025-09-28 18:39:07
182,TF-CON-GRE-0182,Phoenix Contact Grease 499,High-quality grease for industrial applications,Consumables,Grease,Phoenix Contact,PHO48773,TRUE,BOX,11.54,46,FALSE,46,6,65,13,19,11,Tool Crib,Tool Crib-B18,TF886372700389,,,,,,,B,16.74,{},,[],[],[],2025-09-28 13:39:07.703653,2025-09-28 18:39:07
183,TF-CON-GRE-0183,Eaton Grease 394,High-quality grease for industrial applications,Consumables,Grease,Eaton,EAT84652,TRUE,GAL,14.34,31,FALSE,31,5,50,10,15,18,Maintenance Shop,Maintenance Shop-A08,TF974776459513,,,,,,,C,40.35,{},,[],[],[],2025-09-28 13:39:07.703665,2025-09-28 18:39:07
184,TF-CON-GRE-0184,Fanuc Grease 604,High-quality grease for industrial applications,Consumables,Grease,Fanuc,FAN53007,TRUE,ROLL,32.58,22,FALSE,22,14,145,29,43,8,Tool Crib,Tool Crib-C06,TF641652163007,,,,,,,A,8.85,{},,[],[],[],2025-09-28 13:39:07.703676,2025-09-28 18:39:07
185,TF-CON-GRE-0185,Festo Grease 617,High-quality grease for industrial applications,Consumables,Grease,Festo,FES14212,5,EA,36.62,11,FALSE,11,11,115,23,34,13,Warehouse B-2,Warehouse B-2-C01,TF894667824027,,,,,,,C,47.39,{},,[],[],[],2025-09-28 13:39:07.703694,2025-09-28 18:39:07
186,TF-CON-GRE-0186,Allen-Bradley Grease 666,High-quality grease for industrial applications,Consumables,Grease,Allen-Bradley,ALL94038,TRUE,EA,7.24,6,FALSE,6,2,20,4,6,17,Warehouse A-1,Warehouse A-1-B11,TF692420219902,,,,,,,C,18.92,{},,[],[],[],2025-09-28 13:39:07.703706,2025-09-28 18:39:07
187,TF-CON-GRE-0187,Schneider Electric Grease 275,High-quality grease for industrial applications,Consumables,Grease,Schneider Electric,SCH92935,5,LB,24.15,11,FALSE,11,8,88,17,26,19,Warehouse A-1,Warehouse A-1-C10,TF562072028151,,,,,,,C,6.18,{},,[],[],[],2025-09-28 13:39:07.703717,2025-09-28 18:39:07
188,TF-CON-GRE-0188,Emerson Grease 657,High-quality grease for industrial applications,Consumables,Grease,Emerson,EME81632,5,FT,40.33,28,FALSE,28,6,69,13,20,10,Electronics Lab,Electronics Lab-A02,TF301487851120,,,,,,,C,3.92,{},,[],[],[],2025-09-28 13:39:07.703728,2025-09-28 18:39:07
189,TF-CON-GRE-0189,Schneider Electric Grease 804,High-quality grease for industrial applications,Consumables,Grease,Schneider Electric,SCH74355,4,ROLL,49.75,88,FALSE,88,11,110,22,33,5,Maintenance Shop,Maintenance Shop-A13,TF105075898648,,,,,,,B,38.2,{},,[],[],[],2025-09-28 13:39:07.703740,2025-09-28 18:39:07
190,TF-CON-COO-0190,Allen-Bradley Coolant 600,High-quality coolant for industrial applications,Consumables,Coolant,Allen-Bradley,ALL72366,TRUE,FT,32.8,15,FALSE,15,4,43,8,12,18,Electronics Lab,Electronics Lab-C14,TF619001710643,,,,,,,B,18.87,{},,[],[],[],2025-09-28 13:39:07.703752,2025-09-28 18:39:07
191,TF-CON-COO-0191,Fanuc Coolant 296,High-quality coolant for industrial applications,Consumables,Coolant,Fanuc,FAN87915,4,ROLL,18.43,10,FALSE,10,8,89,17,26,12,Maintenance Shop,Maintenance Shop-B13,TF179489812556,,,,,,,C,34.79,{},,[],[],[],2025-09-28 13:39:07.703764,2025-09-28 18:39:07
192,TF-CON-COO-0192,Fanuc Coolant 878,High-quality coolant for industrial applications,Consumables,Coolant,Fanuc,FAN48856,TRUE,FT,4.3,165,FALSE,165,16,169,33,50,10,Warehouse B-1,Warehouse B-1-A16,TF125853482893,,,,,,,B,42.29,{},,[],[],[],2025-09-28 13:39:07.703775,2025-09-28 18:39:07
193,TF-CON-COO-0193,Keyence Coolant 728,High-quality coolant for industrial applications,Consumables,Coolant,Keyence,KEY66266,2,EA,24.92,45,FALSE,45,4,47,9,14,18,Warehouse A-1,Warehouse A-1-C11,TF733435272488,,,,,,,C,40.65,{},,[],[],[],2025-09-28 13:39:07.703786,2025-09-28 18:39:07
194,TF-CON-CLE-0194,Siemens Cleaning Supplies 691,High-quality cleaning supplies for industrial applications,Consumables,Cleaning Supplies,Siemens,SIE15589,5,FT,12.38,93,FALSE,93,10,109,21,32,7,Maintenance Shop,Maintenance Shop-B02,TF272612317723,,,,,,,A,6.32,{},,[],[],[],2025-09-28 13:39:07.703799,2025-09-28 18:39:07
195,TF-CON-CLE-0195,GE Cleaning Supplies 126,High-quality cleaning supplies for industrial applications,Consumables,Cleaning Supplies,GE,GE10718,3,BOX,28.23,106,FALSE,106,14,146,29,43,15,Warehouse B-2,Warehouse B-2-A08,TF546471589761,,,,,,,C,34.56,{},,[],[],[],2025-09-28 13:39:07.703811,2025-09-28 18:39:07
196,TF-CON-CLE-0196,Phoenix Contact Cleaning Supplies 691,High-quality cleaning supplies for industrial applications,Consumables,Cleaning Supplies,Phoenix Contact,PHO40142,TRUE,GAL,27.15,131,FALSE,131,14,144,28,43,6,Chemical Storage,Chemical Storage-C18,TF200177681527,,,,,,,A,37.38,{},,[],[],[],2025-09-28 13:39:07.703822,2025-09-28 18:39:07
197,TF-CON-CLE-0197,Fanuc Cleaning Supplies 544,High-quality cleaning supplies for industrial applications,Consumables,Cleaning Supplies,Fanuc,FAN44045,5,BOX,29.44,58,FALSE,58,15,159,31,47,16,Warehouse B-2,Warehouse B-2-B03,TF881274059627,,,,,,,C,19.81,{},,[],[],[],2025-09-28 13:39:07.703834,2025-09-28 18:39:07
198,TF-CON-ADH-0198,Keyence Adhesives 170,High-quality adhesives for industrial applications,Consumables,Adhesives,Keyence,KEY60772,2,FT,42.89,32,FALSE,32,5,57,11,17,11,Electronics Lab,Electronics Lab-C09,TF363513604404,,,,,,,C,3.22,{},,[],[],[],2025-09-28 13:39:07.703846,2025-09-28 18:39:07
199,TF-CON-ADH-0199,GE Adhesives 890,High-quality adhesives for industrial applications,Consumables,Adhesives,GE,GE43628,4,BOX,20.04,38,FALSE,38,18,185,37,55,8,Tool Crib,Tool Crib-A03,TF110960451212,,,,,,,B,19,{},,[],[],[],2025-09-28 13:39:07.703857,2025-09-28 18:39:07
200,TF-CON-ADH-0200,Keyence Adhesives 448,High-quality adhesives for industrial applications,Consumables,Adhesives,Keyence,KEY69575,4,EA,33.51,66,FALSE,66,17,176,35,52,16,Warehouse A-1,Warehouse A-1-B07,TF962995081501,,,,,,,C,47.35,{},,[],[],[],2025-09-28 13:39:07.703869,2025-09-28 18:39:07
201,TF-CON-ADH-0201,Festo Adhesives 714,High-quality adhesives for industrial applications,Consumables,Adhesives,Festo,FES84334,3,BOX,20.58,127,FALSE,127,19,197,39,59,11,Tool Crib,Tool Crib-A10,TF593099142092,,,,,,,A,33.54,{},,[],[],[],2025-09-28 13:39:07.703880,2025-09-28 18:39:07
202,TF-CON-SOL-0202,Balluff Solvents 968,High-quality solvents for industrial applications,Consumables,Solvents,Balluff,BAL29511,2,FT,46.76,153,FALSE,153,15,156,31,46,17,Maintenance Shop,Maintenance Shop-C01,TF913748028111,,,,,,,B,4.83,{},,[],[],[],2025-09-28 13:39:07.703892,2025-09-28 18:39:07
203,TF-CON-SOL-0203,Bosch Rexroth Solvents 134,High-quality solvents for industrial applications,Consumables,Solvents,Bosch Rexroth,BOS17555,4,LB,44.28,79,FALSE,79,10,102,20,30,20,Warehouse A-1,Warehouse A-1-B03,TF877747598521,,,,,,,C,28.07,{},,[],[],[],2025-09-28 13:39:07.703904,2025-09-28 18:39:07
204,TF-CON-SOL-0204,Parker Hannifin Solvents 142,High-quality solvents for industrial applications,Consumables,Solvents,Parker Hannifin,PAR36754,3,EA,40.37,18,FALSE,18,5,57,11,17,3,Tool Crib,Tool Crib-C13,TF759133630390,,,,,,,B,38.47,{},,[],[],[],2025-09-28 13:39:07.703915,2025-09-28 18:39:07
205,TF-CON-SOL-0205,Allen-Bradley Solvents 160,High-quality solvents for industrial applications,Consumables,Solvents,Allen-Bradley,ALL29441,4,FT,3.7,70,FALSE,70,8,80,16,24,18,Warehouse A-2,Warehouse A-2-C02,TF212694861771,,,,,,,C,11.49,{},,[],[],[],2025-09-28 13:39:07.703927,2025-09-28 18:39:07
206,TF-CON-RAG-0206,Siemens Rags 995,High-quality rags for industrial applications,Consumables,Rags,Siemens,SIE98794,2,FT,27.01,65,FALSE,65,9,98,19,29,4,Electronics Lab,Electronics Lab-B14,TF664875319924,,,,,,,C,14.86,{},,[],[],[],2025-09-28 13:39:07.703938,2025-09-28 18:39:07
207,TF-CON-RAG-0207,ABB Rags 549,High-quality rags for industrial applications,Consumables,Rags,ABB,ABB50250,TRUE,ROLL,7.09,47,FALSE,47,5,51,10,15,11,Chemical Storage,Chemical Storage-C01,TF171705403655,,,,,,,C,6.66,{},,[],[],[],2025-09-28 13:39:07.703949,2025-09-28 18:39:07
208,TF-CON-RAG-0208,Allen-Bradley Rags 373,High-quality rags for industrial applications,Consumables,Rags,Allen-Bradley,ALL10197,3,ROLL,39.28,24,FALSE,24,19,195,39,58,18,Chemical Storage,Chemical Storage-B03,TF781317140985,,,,,,,C,45.47,{},,[],[],[],2025-09-28 13:39:07.703961,2025-09-28 18:39:07
209,TF-CON-RAG-0209,GE Rags 968,High-quality rags for industrial applications,Consumables,Rags,GE,GE64708,2,ROLL,9.72,30,FALSE,30,5,52,10,15,9,Maintenance Shop,Maintenance Shop-B04,TF654397381014,,,,,,,C,8.74,{},,[],[],[],2025-09-28 13:39:07.703973,2025-09-28 18:39:07
210,TF-CON-GLO-0210,GE Gloves 513,High-quality gloves for industrial applications,Consumables,Gloves,GE,GE79094,4,GAL,23.06,79,FALSE,79,15,155,31,46,20,Maintenance Shop,Maintenance Shop-C18,TF453345791801,,,,,,,C,33.68,{},,[],[],[],2025-09-28 13:39:07.703985,2025-09-28 18:39:07
211,TF-CON-GLO-0211,Pepperl+Fuchs Gloves 529,High-quality gloves for industrial applications,Consumables,Gloves,Pepperl+Fuchs,PEP22341,3,FT,47.94,44,FALSE,44,10,106,21,31,11,Warehouse B-1,Warehouse B-1-A09,TF226239940554,,,,,,,B,43.42,{},,[],[],[],2025-09-28 13:39:07.703996,2025-09-28 18:39:07
212,TF-CON-GLO-0212,Parker Hannifin Gloves 377,High-quality gloves for industrial applications,Consumables,Gloves,Parker Hannifin,PAR59382,4,LB,7.57,69,FALSE,69,13,136,27,40,12,Warehouse A-1,Warehouse A-1-A14,TF895176581819,,,,,,,B,47.83,{},,[],[],[],2025-09-28 13:39:07.704007,2025-09-28 18:39:07
213,TF-CON-GLO-0213,Omron Gloves 168,High-quality gloves for industrial applications,Consumables,Gloves,Omron,OMR94757,4,GAL,10.55,27,FALSE,27,7,72,14,21,11,Warehouse B-2,Warehouse B-2-C07,TF800507655064,,,,,,,B,28.6,{},,[],[],[],2025-09-28 13:39:07.704019,2025-09-28 18:39:07
214,TF-CON-GLO-0214,Omron Gloves 980,High-quality gloves for industrial applications,Consumables,Gloves,Omron,OMR26523,2,GAL,33.85,27,FALSE,27,3,38,7,11,19,Warehouse B-1,Warehouse B-1-B10,TF787727817386,,,,,,,C,32.28,{},,[],[],[],2025-09-28 13:39:07.704030,2025-09-28 18:39:07
215,TF-CON-SAF-0215,Pepperl+Fuchs Safety Equipment 357,High-quality safety equipment for industrial applications,Consumables,Safety Equipment,Pepperl+Fuchs,PEP67259,TRUE,ROLL,27.66,22,FALSE,22,9,98,19,29,9,Warehouse B-1,Warehouse B-1-B20,TF160204415543,,,,,,,B,1.79,{},,[],[],[],2025-09-28 13:39:07.704042,2025-09-28 18:39:07
216,TF-CON-SAF-0216,Cognex Safety Equipment 196,High-quality safety equipment for industrial applications,Consumables,Safety Equipment,Cognex,COG29139,5,BOX,31.89,24,FALSE,24,6,62,12,18,15,Maintenance Shop,Maintenance Shop-B02,TF675404964116,,,,,,,C,43.68,{},,[],[],[],2025-09-28 13:39:07.704053,2025-09-28 18:39:07
217,TF-CON-SAF-0217,Festo Safety Equipment 702,High-quality safety equipment for industrial applications,Consumables,Safety Equipment,Festo,FES58805,3,EA,45.64,112,FALSE,112,11,114,22,34,20,Electronics Lab,Electronics Lab-A07,TF506755504831,,,,,,,B,33.52,{},,[],[],[],2025-09-28 13:39:07.704065,2025-09-28 18:39:07
218,TF-CON-SAF-0218,Allen-Bradley Safety Equipment 577,High-quality safety equipment for industrial applications,Consumables,Safety Equipment,Allen-Bradley,ALL43964,2,EA,8.02,91,FALSE,91,18,180,36,54,3,Warehouse B-1,Warehouse B-1-C13,TF463990464680,,,,,,,A,44.07,{},,[],[],[],2025-09-28 13:39:07.704076,2025-09-28 18:39:07
219,TF-CON-SAF-0219,Allen-Bradley Safety Equipment 899,High-quality safety equipment for industrial applications,Consumables,Safety Equipment,Allen-Bradley,ALL78576,3,FT,7.93,3,FALSE,3,2,20,4,6,3,Chemical Storage,Chemical Storage-A13,TF712457611706,,,,,,,C,16.6,{},,[],[],[],2025-09-28 13:39:07.704088,2025-09-28 18:39:07
220,TF-CON-SAF-0220,Honeywell Safety Equipment 618,High-quality safety equipment for industrial applications,Consumables,Safety Equipment,Honeywell,HON33193,TRUE,GAL,45.17,81,FALSE,81,14,144,28,43,19,Warehouse B-1,Warehouse B-1-C02,TF907107448482,,,,,,,B,45.18,{},,[],[],[],2025-09-28 13:39:07.704099,2025-09-28 18:39:07
221,TF-CON-SAF-0221,Mitsubishi Safety Equipment 925,High-quality safety equipment for industrial applications,Consumables,Safety Equipment,Mitsubishi,MIT91265,4,LB,32.08,134,FALSE,134,17,178,35,53,3,Chemical Storage,Chemical Storage-C07,TF725881783413,,,,,,,B,27.52,{},,[],[],[],2025-09-28 13:39:07.704111,2025-09-28 18:39:07
222,TF-ELE-PCB-0222,Mitsubishi PCBs 339,High-quality pcbs for industrial applications,Electronics,PCBs,Mitsubishi,MIT18247,4,FT,397.32,15,FALSE,15,3,38,7,11,3,Warehouse B-1,Warehouse B-1-C17,TF238454238203,,,,,,,C,43.05,{},,[],[],[],2025-09-28 13:39:07.704123,2025-09-28 18:39:07
223,TF-ELE-PCB-0223,Cognex PCBs 918,High-quality pcbs for industrial applications,Electronics,PCBs,Cognex,COG51785,TRUE,BOX,1465.41,48,FALSE,48,6,64,12,19,16,Warehouse A-1,Warehouse A-1-A08,TF249924720478,,,,,,,C,41.76,{},,[],[],[],2025-09-28 13:39:07.704135,2025-09-28 18:39:07
224,TF-ELE-PCB-0224,Balluff PCBs 263,High-quality pcbs for industrial applications,Electronics,PCBs,Balluff,BAL62193,TRUE,BOX,1823.91,70,FALSE,70,13,135,27,40,5,Maintenance Shop,Maintenance Shop-A10,TF182561603531,,,,,,,B,30.47,{},,[],[],[],2025-09-28 13:39:07.704147,2025-09-28 18:39:07
225,TF-ELE-PCB-0225,Phoenix Contact PCBs 732,High-quality pcbs for industrial applications,Electronics,PCBs,Phoenix Contact,PHO19582,TRUE,EA,196.98,123,FALSE,123,12,127,25,38,5,Chemical Storage,Chemical Storage-B15,TF348184287566,,,,,,,C,3.41,{},,[],[],[],2025-09-28 13:39:07.704158,2025-09-28 18:39:07
226,TF-ELE-ICS-0226,Mitsubishi ICs 828,High-quality ics for industrial applications,Electronics,ICs,Mitsubishi,MIT45117,TRUE,FT,1930.08,114,FALSE,114,16,164,32,49,10,Chemical Storage,Chemical Storage-B04,TF307749119750,,,,,,,B,1.2,{},,[],[],[],2025-09-28 13:39:07.704170,2025-09-28 18:39:07
227,TF-ELE-ICS-0227,Siemens ICs 990,High-quality ics for industrial applications,Electronics,ICs,Siemens,SIE24898,2,GAL,977.61,51,FALSE,51,12,124,24,37,18,Electronics Lab,Electronics Lab-C20,TF214743530461,,,,,,,A,49.92,{},,[],[],[],2025-09-28 13:39:07.704181,2025-09-28 18:39:07
228,TF-ELE-ICS-0228,Phoenix Contact ICs 898,High-quality ics for industrial applications,Electronics,ICs,Phoenix Contact,PHO68111,5,GAL,1164.12,72,FALSE,72,19,197,39,59,21,Warehouse A-2,Warehouse A-2-B06,TF697788122592,,,,,,,B,41.31,{},,[],[],[],2025-09-28 13:39:07.704193,2025-09-28 18:39:07
229,TF-ELE-ICS-0229,Siemens ICs 592,High-quality ics for industrial applications,Electronics,ICs,Siemens,SIE57599,3,LB,1622.96,128,FALSE,128,13,139,27,41,10,Tool Crib,Tool Crib-B01,TF257312146677,,,,,,,C,7.13,{},,[],[],[],2025-09-28 13:39:07.704206,2025-09-28 18:39:07
230,TF-ELE-ICS-0230,ABB ICs 309,High-quality ics for industrial applications,Electronics,ICs,ABB,ABB75048,3,LB,1175.02,38,FALSE,38,17,179,35,53,11,Maintenance Shop,Maintenance Shop-A12,TF334733389326,,,,,,,C,21.18,{},,[],[],[],2025-09-28 13:39:07.704221,2025-09-28 18:39:07
231,TF-ELE-ICS-0231,Pepperl+Fuchs ICs 582,High-quality ics for industrial applications,Electronics,ICs,Pepperl+Fuchs,PEP12766,5,ROLL,588.51,38,FALSE,38,9,97,19,29,13,Maintenance Shop,Maintenance Shop-B20,TF559362159930,,,,,,,B,49.84,{},,[],[],[],2025-09-28 13:39:07.704233,2025-09-28 18:39:07
232,TF-ELE-ICS-0232,Parker Hannifin ICs 273,High-quality ics for industrial applications,Electronics,ICs,Parker Hannifin,PAR57348,4,LB,1902.89,119,FALSE,119,17,177,35,53,3,Chemical Storage,Chemical Storage-B14,TF356495855296,,,,,,,B,16.33,{},,[],[],[],2025-09-28 13:39:07.704244,2025-09-28 18:39:07
233,TF-ELE-ICS-0233,Emerson ICs 947,High-quality ics for industrial applications,Electronics,ICs,Emerson,EME81249,4,BOX,1068.89,114,FALSE,114,11,117,23,35,16,Electronics Lab,Electronics Lab-A04,TF773357356150,,,,,,,C,16.77,{},,[],[],[],2025-09-28 13:39:07.704256,2025-09-28 18:39:07
234,TF-ELE-RES-0234,Honeywell Resistors 699,High-quality resistors for industrial applications,Electronics,Resistors,Honeywell,HON96930,5,FT,630.49,59,FALSE,59,17,179,35,53,13,Tool Crib,Tool Crib-C11,TF113086965630,,,,,,,B,36.94,{},,[],[],[],2025-09-28 13:39:07.704268,2025-09-28 18:39:07
235,TF-ELE-RES-0235,Festo Resistors 620,High-quality resistors for industrial applications,Electronics,Resistors,Festo,FES70198,TRUE,GAL,1102.05,102,FALSE,102,11,117,23,35,7,Warehouse A-1,Warehouse A-1-B18,TF979638773301,,,,,,,A,36.02,{},,[],[],[],2025-09-28 13:39:07.704281,2025-09-28 18:39:07
236,TF-ELE-RES-0236,ABB Resistors 137,High-quality resistors for industrial applications,Electronics,Resistors,ABB,ABB25451,4,FT,556.89,7,FALSE,7,3,30,6,9,5,Tool Crib,Tool Crib-C12,TF553104098705,,,,,,,C,7.29,{},,[],[],[],2025-09-28 13:39:07.704293,2025-09-28 18:39:07
237,TF-ELE-RES-0237,Johnson Controls Resistors 183,High-quality resistors for industrial applications,Electronics,Resistors,Johnson Controls,JOH85833,3,LB,1430.75,44,FALSE,44,10,109,21,32,5,Warehouse B-1,Warehouse B-1-B02,TF739765470163,,,,,,,B,42.68,{},,[],[],[],2025-09-28 13:39:07.704305,2025-09-28 18:39:07
238,TF-ELE-CAP-0238,Siemens Capacitors 453,High-quality capacitors for industrial applications,Electronics,Capacitors,Siemens,SIE72564,5,ROLL,571.78,73,FALSE,73,15,151,30,45,21,Electronics Lab,Electronics Lab-C01,TF983556330062,,,,,,,B,32.25,{},,[],[],[],2025-09-28 13:39:07.704317,2025-09-28 18:39:07
239,TF-ELE-CAP-0239,SMC Capacitors 364,High-quality capacitors for industrial applications,Electronics,Capacitors,SMC,SMC35764,5,ROLL,1322.35,155,FALSE,155,18,180,36,54,11,Tool Crib,Tool Crib-C02,TF519449241418,,,,,,,C,6.46,{},,[],[],[],2025-09-28 13:39:07.704329,2025-09-28 18:39:07
240,TF-ELE-CAP-0240,Cognex Capacitors 695,High-quality capacitors for industrial applications,Electronics,Capacitors,Cognex,COG30200,3,GAL,1041.08,28,FALSE,28,5,55,11,16,17,Tool Crib,Tool Crib-B17,TF767866073105,,,,,,,C,4.87,{},,[],[],[],2025-09-28 13:39:07.704340,2025-09-28 18:39:07
241,TF-ELE-CAP-0241,Phoenix Contact Capacitors 445,High-quality capacitors for industrial applications,Electronics,Capacitors,Phoenix Contact,PHO59166,3,ROLL,304.03,101,FALSE,101,13,130,26,39,15,Chemical Storage,Chemical Storage-A05,TF905307120448,,,,,,,C,15.25,{},,[],[],[],2025-09-28 13:39:07.704352,2025-09-28 18:39:07
242,TF-ELE-CAP-0242,Cognex Capacitors 557,High-quality capacitors for industrial applications,Electronics,Capacitors,Cognex,COG52906,TRUE,ROLL,984.09,31,FALSE,31,5,58,11,17,17,Tool Crib,Tool Crib-C02,TF838705619745,,,,,,,C,7.37,{},,[],[],[],2025-09-28 13:39:07.704363,2025-09-28 18:39:07
243,TF-ELE-IND-0243,Honeywell Inductors 240,High-quality inductors for industrial applications,Electronics,Inductors,Honeywell,HON80823,2,EA,298.74,43,FALSE,43,7,75,15,22,9,Warehouse A-1,Warehouse A-1-A06,TF239649801682,,,,,,,C,5.67,{},,[],[],[],2025-09-28 13:39:07.704375,2025-09-28 18:39:07
244,TF-ELE-IND-0244,Parker Hannifin Inductors 360,High-quality inductors for industrial applications,Electronics,Inductors,Parker Hannifin,PAR10559,5,BOX,1898.46,25,FALSE,25,13,138,27,41,6,Tool Crib,Tool Crib-C05,TF374155003969,,,,,,,B,44.53,{},,[],[],[],2025-09-28 13:39:07.704387,2025-09-28 18:39:07
245,TF-ELE-IND-0245,Omron Inductors 273,High-quality inductors for industrial applications,Electronics,Inductors,Omron,OMR69122,3,ROLL,76.61,181,FALSE,181,19,196,39,58,10,Electronics Lab,Electronics Lab-C18,TF300248005520,,,,,,,C,9.59,{},,[],[],[],2025-09-28 13:39:07.704399,2025-09-28 18:39:07
246,TF-ELE-IND-0246,Keyence Inductors 444,High-quality inductors for industrial applications,Electronics,Inductors,Keyence,KEY98581,2,FT,992.06,18,FALSE,18,6,67,13,20,19,Electronics Lab,Electronics Lab-C13,TF112393933413,,,,,,,A,38.43,{},,[],[],[],2025-09-28 13:39:07.704410,2025-09-28 18:39:07
247,TF-ELE-IND-0247,Festo Inductors 942,High-quality inductors for industrial applications,Electronics,Inductors,Festo,FES13160,TRUE,LB,1542.66,21,FALSE,21,4,46,9,13,3,Warehouse B-1,Warehouse B-1-A02,TF610097594837,,,,,,,A,13.28,{},,[],[],[],2025-09-28 13:39:07.704426,2025-09-28 18:39:07
248,TF-ELE-DIO-0248,Allen-Bradley Diodes 901,High-quality diodes for industrial applications,Electronics,Diodes,Allen-Bradley,ALL55334,5,ROLL,329.87,9,FALSE,9,2,22,4,6,11,Electronics Lab,Electronics Lab-C08,TF542722567256,,,,,,,C,42.71,{},,[],[],[],2025-09-28 13:39:07.704439,2025-09-28 18:39:07
249,TF-ELE-DIO-0249,GE Diodes 691,High-quality diodes for industrial applications,Electronics,Diodes,GE,GE90103,TRUE,BOX,1674.86,82,FALSE,82,12,127,25,38,11,Maintenance Shop,Maintenance Shop-A07,TF548235346022,,,,,,,C,23.59,{},,[],[],[],2025-09-28 13:39:07.704451,2025-09-28 18:39:07
250,TF-ELE-DIO-0250,Johnson Controls Diodes 653,High-quality diodes for industrial applications,Electronics,Diodes,Johnson Controls,JOH97828,TRUE,EA,1247.32,48,FALSE,48,14,143,28,42,16,Tool Crib,Tool Crib-A14,TF923945992985,,,,,,,B,19.73,{},,[],[],[],2025-09-28 13:39:07.704463,2025-09-28 18:39:07
251,TF-ELE-DIO-0251,Pepperl+Fuchs Diodes 414,High-quality diodes for industrial applications,Electronics,Diodes,Pepperl+Fuchs,PEP55647,5,EA,921.98,125,FALSE,125,12,127,25,38,10,Warehouse A-1,Warehouse A-1-C18,TF748630713666,,,,,,,C,14.62,{},,[],[],[],2025-09-28 13:39:07.704474,2025-09-28 18:39:07
252,TF-ELE-DIO-0252,GE Diodes 962,High-quality diodes for industrial applications,Electronics,Diodes,GE,GE55351,TRUE,BOX,605.67,60,FALSE,60,11,113,22,33,20,Warehouse A-2,Warehouse A-2-C09,TF311273880364,,,,,,,C,49.6,{},,[],[],[],2025-09-28 13:39:07.704486,2025-09-28 18:39:07
253,TF-ELE-TRA-0253,Emerson Transistors 215,High-quality transistors for industrial applications,Electronics,Transistors,Emerson,EME23699,TRUE,FT,1643.38,97,FALSE,97,17,178,35,53,5,Warehouse A-1,Warehouse A-1-B08,TF249516083105,,,,,,,C,26.24,{},,[],[],[],2025-09-28 13:39:07.704498,2025-09-28 18:39:07
254,TF-ELE-TRA-0254,Allen-Bradley Transistors 744,High-quality transistors for industrial applications,Electronics,Transistors,Allen-Bradley,ALL32143,2,LB,1014.44,122,FALSE,122,14,145,29,43,14,Warehouse A-2,Warehouse A-2-C16,TF362879714455,,,,,,,C,10.6,{},,[],[],[],2025-09-28 13:39:07.704510,2025-09-28 18:39:07
255,TF-ELE-TRA-0255,Johnson Controls Transistors 832,High-quality transistors for industrial applications,Electronics,Transistors,Johnson Controls,JOH63627,3,BOX,1995.12,34,FALSE,34,5,53,10,15,19,Chemical Storage,Chemical Storage-B09,TF690426571540,,,,,,,C,13.51,{},,[],[],[],2025-09-28 13:39:07.704521,2025-09-28 18:39:07
256,TF-ELE-TRA-0256,Fanuc Transistors 868,High-quality transistors for industrial applications,Electronics,Transistors,Fanuc,FAN74079,5,EA,1748.93,96,FALSE,96,11,116,23,34,7,Tool Crib,Tool Crib-A06,TF975338663908,,,,,,,C,38.86,{},,[],[],[],2025-09-28 13:39:07.704533,2025-09-28 18:39:07
257,TF-ELE-TRA-0257,Fanuc Transistors 268,High-quality transistors for industrial applications,Electronics,Transistors,Fanuc,FAN47367,3,GAL,952.59,10,FALSE,10,6,69,13,20,8,Warehouse A-1,Warehouse A-1-A05,TF553753143410,,,,,,,A,22.18,{},,[],[],[],2025-09-28 13:39:07.704544,2025-09-28 18:39:07
258,TF-ELE-TRA-0258,GE Transistors 752,High-quality transistors for industrial applications,Electronics,Transistors,GE,GE84132,2,GAL,168.24,38,FALSE,38,15,158,31,47,17,Warehouse A-2,Warehouse A-2-B10,TF801788539855,,,,,,,A,26.99,{},,[],[],[],2025-09-28 13:39:07.704556,2025-09-28 18:39:07
259,TF-ELE-TRA-0259,Phoenix Contact Transistors 298,High-quality transistors for industrial applications,Electronics,Transistors,Phoenix Contact,PHO15040,TRUE,LB,1560.51,170,FALSE,170,18,186,37,55,3,Warehouse A-2,Warehouse A-2-C10,TF632831880617,,,,,,,C,8.27,{},,[],[],[],2025-09-28 13:39:07.704568,2025-09-28 18:39:07
260,TF-ELE-CON-0260,Allen-Bradley Connectors 630,High-quality connectors for industrial applications,Electronics,Connectors,Allen-Bradley,ALL33875,2,BOX,577.13,16,FALSE,16,10,109,21,32,8,Tool Crib,Tool Crib-C07,TF606593000878,,,,,,,A,9.8,{},,[],[],[],2025-09-28 13:39:07.704580,2025-09-28 18:39:07
261,TF-ELE-CON-0261,Keyence Connectors 827,High-quality connectors for industrial applications,Electronics,Connectors,Keyence,KEY80901,3,BOX,1658.28,64,FALSE,64,19,193,38,57,20,Electronics Lab,Electronics Lab-B19,TF760203528117,,,,,,,C,16.22,{},,[],[],[],2025-09-28 13:39:07.704592,2025-09-28 18:39:07
262,TF-ELE-CON-0262,Schneider Electric Connectors 958,High-quality connectors for industrial applications,Electronics,Connectors,Schneider Electric,SCH17015,2,ROLL,1892.69,48,FALSE,48,4,48,9,14,13,Maintenance Shop,Maintenance Shop-B08,TF473799139603,,,,,,,B,14.26,{},,[],[],[],2025-09-28 13:39:07.704605,2025-09-28 18:39:07
263,TF-ELE-DIS-0263,Cognex Displays 941,High-quality displays for industrial applications,Electronics,Displays,Cognex,COG47207,3,BOX,1762.64,28,FALSE,28,8,85,17,25,17,Warehouse A-1,Warehouse A-1-C18,TF581755976406,,,,,,,B,48.06,{},,[],[],[],2025-09-28 13:39:07.704617,2025-09-28 18:39:07
264,TF-ELE-DIS-0264,GE Displays 353,High-quality displays for industrial applications,Electronics,Displays,GE,GE75355,3,BOX,1718.72,73,FALSE,73,13,132,26,39,12,Electronics Lab,Electronics Lab-A17,TF254095514704,,,,,,,B,20.62,{},,[],[],[],2025-09-28 13:39:07.704629,2025-09-28 18:39:07
265,TF-ELE-DIS-0265,Schneider Electric Displays 275,High-quality displays for industrial applications,Electronics,Displays,Schneider Electric,SCH84677,2,LB,693.71,69,FALSE,69,10,100,20,30,10,Warehouse B-2,Warehouse B-2-B16,TF810919690924,,,,,,,C,35.12,{},,[],[],[],2025-09-28 13:39:07.704640,2025-09-28 18:39:07
266,TF-ELE-DIS-0266,SMC Displays 603,High-quality displays for industrial applications,Electronics,Displays,SMC,SMC74240,2,LB,1470.08,31,FALSE,31,4,42,8,12,6,Electronics Lab,Electronics Lab-C15,TF308224480656,,,,,,,B,21.88,{},,[],[],[],2025-09-28 13:39:07.704652,2025-09-28 18:39:07
267,TF-ELE-DIS-0267,Mitsubishi Displays 583,High-quality displays for industrial applications,Electronics,Displays,Mitsubishi,MIT40649,2,GAL,988.73,16,FALSE,16,13,133,26,39,15,Warehouse B-1,Warehouse B-1-B09,TF516116306169,,,,,,,B,6.44,{},,[],[],[],2025-09-28 13:39:07.704664,2025-09-28 18:39:07
268,TF-ELE-DIS-0268,Omron Displays 592,High-quality displays for industrial applications,Electronics,Displays,Omron,OMR56147,3,FT,770.21,47,FALSE,47,7,72,14,21,19,Warehouse B-2,Warehouse B-2-A03,TF747375333323,,,,,,,C,22.8,{},,[],[],[],2025-09-28 13:39:07.704675,2025-09-28 18:39:07
269,TF-ELE-DIS-0269,Fanuc Displays 775,High-quality displays for industrial applications,Electronics,Displays,Fanuc,FAN43842,4,GAL,702.1,131,FALSE,131,18,182,36,54,13,Tool Crib,Tool Crib-B13,TF988488766855,,,,,,,C,15.29,{},,[],[],[],2025-09-28 13:39:07.704687,2025-09-28 18:39:07
270,TF-ELE-MEM-0270,Johnson Controls Memory Modules 188,High-quality memory modules for industrial applications,Electronics,Memory Modules,Johnson Controls,JOH75269,4,FT,1015.37,31,FALSE,31,8,89,17,26,3,Chemical Storage,Chemical Storage-A13,TF564030515379,,,,,,,C,38.7,{},,[],[],[],2025-09-28 13:39:07.704699,2025-09-28 18:39:07
271,TF-ELE-MEM-0271,Bosch Rexroth Memory Modules 323,High-quality memory modules for industrial applications,Electronics,Memory Modules,Bosch Rexroth,BOS11787,3,GAL,1317.65,91,FALSE,91,13,132,26,39,9,Chemical Storage,Chemical Storage-B02,TF934488104740,,,,,,,B,42.12,{},,[],[],[],2025-09-28 13:39:07.704711,2025-09-28 18:39:07
272,TF-ELE-MEM-0272,Johnson Controls Memory Modules 987,High-quality memory modules for industrial applications,Electronics,Memory Modules,Johnson Controls,JOH46925,3,GAL,311.79,80,FALSE,80,10,104,20,31,20,Tool Crib,Tool Crib-A01,TF300205711413,,,,,,,C,17.72,{},,[],[],[],2025-09-28 13:39:07.704723,2025-09-28 18:39:07
273,TF-ELE-MEM-0273,Cognex Memory Modules 253,High-quality memory modules for industrial applications,Electronics,Memory Modules,Cognex,COG35867,3,BOX,391.56,16,FALSE,16,2,25,5,7,14,Warehouse A-2,Warehouse A-2-B06,TF648555842601,,,,,,,C,40.31,{},,[],[],[],2025-09-28 13:39:07.704735,2025-09-28 18:39:07
274,TF-ELE-MEM-0274,ABB Memory Modules 177,High-quality memory modules for industrial applications,Electronics,Memory Modules,ABB,ABB69342,2,EA,1590.76,44,FALSE,44,14,140,28,42,18,Warehouse B-1,Warehouse B-1-C12,TF617886990088,,,,,,,A,25.24,{},,[],[],[],2025-09-28 13:39:07.704749,2025-09-28 18:39:07
275,TF-ELE-MEM-0275,Festo Memory Modules 810,High-quality memory modules for industrial applications,Electronics,Memory Modules,Festo,FES89353,5,ROLL,79.13,33,FALSE,33,4,45,9,13,21,Tool Crib,Tool Crib-B09,TF369129726660,,,,,,,B,35.21,{},,[],[],[],2025-09-28 13:39:07.704761,2025-09-28 18:39:07
276,TF-ELE-MEM-0276,Phoenix Contact Memory Modules 663,High-quality memory modules for industrial applications,Electronics,Memory Modules,Phoenix Contact,PHO13214,4,GAL,732.63,15,FALSE,15,5,51,10,15,7,Chemical Storage,Chemical Storage-B14,TF979291462957,,,,,,,C,18.03,{},,[],[],[],2025-09-28 13:39:07.704773,2025-09-28 18:39:07
277,TF-ELE-MEM-0277,Festo Memory Modules 307,High-quality memory modules for industrial applications,Electronics,Memory Modules,Festo,FES68246,5,GAL,138.4,42,FALSE,42,15,152,30,45,20,Tool Crib,Tool Crib-A09,TF724504593076,,,,,,,C,28.05,{},,[],[],[],2025-09-28 13:39:07.704785,2025-09-28 18:39:07
